{
    "grid_width": 70,
    "grid_height": 7,
    "objects": {
        "beam": {
            "indices": [
                449,
                450,
                451,
                452,
                453,
                454,
                455,
                456,
                457,
                458,
                379,
                380,
                381,
                382,
                383,
                384,
                385,
                386,
                387,
                388
            ],
            "types": [
                1,
                1,
                1,
                1,
                1,
                1,
                1,
                1,
                1,
                1,
                1,
                1,
                1,
                1,
                1,
                1,
                1,
                1,
                1,
                1
            ],
            "neighbors": {
                "449": [
                    379,
                    450
                ],
                "450": [
                    449,
                    380,
                    451
                ],
                "451": [
                    450,
                    381,
                    452
                ],
                "452": [
                    451,
                    382,
                    453
                ],
                "453": [
                    452,
                    383,
                    454
                ],
                "454": [
                    453,
                    384,
                    455
                ],
                "455": [
                    454,
                    385,
                    456
                ],
                "456": [
                    455,
                    386,
                    457
                ],
                "457": [
                    456,
                    387,
                    458
                ],
                "458": [
                    457,
                    388
                ],
                "379": [
                    380,
                    449
                ],
                "380": [
                    379,
                    381,
                    450
                ],
                "381": [
                    380,
                    382,
                    451
                ],
                "382": [
                    381,
                    383,
                    452
                ],
                "383": [
                    382,
                    384,
                    453
                ],
                "384": [
                    383,
                    385,
                    454
                ],
                "385": [
                    384,
                    386,
                    455
                ],
                "386": [
                    385,
                    387,
                    456
                ],
                "387": [
                    386,
                    388,
                    457
                ],
                "388": [
                    387,
                    458
                ]
            }
        },
        "peg1": {
            "indices": [
                307,
                308,
                309,
                310,
                311
            ],
            "types": [
                5,
                5,
                5,
                5,
                5
            ],
            "neighbors": {
                "307": [
                    308
                ],
                "308": [
                    307,
                    309
                ],
                "309": [
                    308,
                    310
                ],
                "310": [
                    309,
                    311
                ],
                "311": [
                    310
                ]
            }
        },
        "peg2": {
            "indices": [
                316,
                317,
                318,
                319,
                320
            ],
            "types": [
                5,
                5,
                5,
                5,
                5
            ],
            "neighbors": {
                "316": [
                    317
                ],
                "317": [
                    316,
                    318
                ],
                "318": [
                    317,
                    319
                ],
                "319": [
                    318,
                    320
                ],
                "320": [
                    319
                ]
            }
        },
        "ground": {
            "indices": [
                0,
                1,
                2,
                3,
                4,
                5,
                6,
                7,
                8,
                9,
                10,
                11,
                12,
                13,
                14,
                15,
                16,
                17,
                18,
                19,
                20,
                21,
                22,
                23,
                24,
                25,
                26,
                27,
                28,
                29,
                30,
                31,
                32,
                33,
                34,
                35,
                36,
                37,
                38,
                39,
                40,
                41,
                42,
                43,
                44,
                45,
                46,
                47,
                48,
                49,
                50,
                51,
                52,
                53,
                54,
                55,
                56,
                57,
                58,
                59,
                60,
                61,
                62,
                63,
                64,
                65,
                66,
                67,
                68,
                69
            ],
            "types": [
                5,
                5,
                5,
                5,
                5,
                5,
                5,
                5,
                5,
                5,
                5,
                5,
                5,
                5,
                5,
                5,
                5,
                5,
                5,
                5,
                5,
                5,
                5,
                5,
                5,
                5,
                5,
                5,
                5,
                5,
                5,
                5,
                5,
                5,
                5,
                5,
                5,
                5,
                5,
                5,
                5,
                5,
                5,
                5,
                5,
                5,
                5,
                5,
                5,
                5,
                5,
                5,
                5,
                5,
                5,
                5,
                5,
                5,
                5,
                5,
                5,
                5,
                5,
                5,
                5,
                5,
                5,
                5,
                5,
                5
            ],
            "neighbors": {
                "0": [
                    1
                ],
                "1": [
                    0,
                    2
                ],
                "2": [
                    1,
                    3
                ],
                "3": [
                    2,
                    4
                ],
                "4": [
                    3,
                    5
                ],
                "5": [
                    6,
                    4
                ],
                "6": [
                    5,
                    7
                ],
                "7": [
                    6,
                    8
                ],
                "8": [
                    7,
                    9
                ],
                "9": [
                    8,
                    10
                ],
                "10": [
                    9,
                    11
                ],
                "11": [
                    10,
                    12
                ],
                "12": [
                    11,
                    13
                ],
                "13": [
                    12,
                    14
                ],
                "14": [
                    15,
                    13
                ],
                "15": [
                    16,
                    14
                ],
                "16": [
                    15,
                    17
                ],
                "17": [
                    16,
                    18
                ],
                "18": [
                    17,
                    19
                ],
                "19": [
                    18,
                    20
                ],
                "20": [
                    19,
                    21
                ],
                "21": [
                    20,
                    22
                ],
                "22": [
                    21,
                    23
                ],
                "23": [
                    22,
                    24
                ],
                "24": [
                    23,
                    25
                ],
                "25": [
                    24,
                    26
                ],
                "26": [
                    25,
                    27
                ],
                "27": [
                    26,
                    28
                ],
                "28": [
                    29,
                    27
                ],
                "29": [
                    28,
                    30
                ],
                "30": [
                    29,
                    31
                ],
                "31": [
                    30,
                    32
                ],
                "32": [
                    31,
                    33
                ],
                "33": [
                    32,
                    34
                ],
                "34": [
                    33,
                    35
                ],
                "35": [
                    34,
                    36
                ],
                "36": [
                    35,
                    37
                ],
                "37": [
                    36,
                    38
                ],
                "38": [
                    37,
                    39
                ],
                "39": [
                    38,
                    40
                ],
                "40": [
                    39,
                    41
                ],
                "41": [
                    40,
                    42
                ],
                "42": [
                    41,
                    43
                ],
                "43": [
                    42,
                    44
                ],
                "44": [
                    43,
                    45
                ],
                "45": [
                    44,
                    46
                ],
                "46": [
                    45,
                    47
                ],
                "47": [
                    46,
                    48
                ],
                "48": [
                    47,
                    49
                ],
                "49": [
                    48,
                    50
                ],
                "50": [
                    49,
                    51
                ],
                "51": [
                    50,
                    52
                ],
                "52": [
                    51,
                    53
                ],
                "53": [
                    52,
                    54
                ],
                "54": [
                    53,
                    55
                ],
                "55": [
                    54,
                    56
                ],
                "56": [
                    55,
                    57
                ],
                "57": [
                    56,
                    58
                ],
                "58": [
                    57,
                    59
                ],
                "59": [
                    58,
                    60
                ],
                "60": [
                    59,
                    61
                ],
                "61": [
                    60,
                    62
                ],
                "62": [
                    61,
                    63
                ],
                "63": [
                    62,
                    64
                ],
                "64": [
                    63,
                    65
                ],
                "65": [
                    64,
                    66
                ],
                "66": [
                    65,
                    67
                ],
                "67": [
                    66,
                    68
                ],
                "68": [
                    67,
                    69
                ],
                "69": [
                    68
                ]
            }
        }
    }
}