{
    "grid_width": 70,
    "grid_height": 1,
    "objects": {
        "new_object_1": {
            "indices": [
                0,
                1,
                2,
                3,
                4,
                5,
                6,
                7,
                8,
                9,
                10,
                11,
                12,
                13,
                14,
                15,
                16,
                17,
                18,
                19,
                20,
                21,
                22,
                23,
                24,
                25,
                26,
                27,
                28,
                29,
                30,
                31,
                32,
                33,
                34,
                35,
                36,
                37,
                38,
                39,
                40,
                41,
                42,
                43,
                44,
                45,
                46,
                47,
                48,
                49,
                50,
                51,
                52,
                53,
                54,
                55,
                56,
                57,
                58,
                59,
                60,
                61,
                62,
                63,
                64,
                65,
                66,
                67,
                68,
                69
            ],
            "types": [
                5,
                5,
                5,
                5,
                5,
                5,
                5,
                5,
                5,
                5,
                5,
                5,
                5,
                5,
                5,
                5,
                5,
                5,
                5,
                5,
                5,
                5,
                5,
                5,
                5,
                5,
                5,
                5,
                5,
                5,
                5,
                5,
                5,
                5,
                5,
                5,
                5,
                5,
                5,
                5,
                5,
                5,
                5,
                5,
                5,
                5,
                5,
                5,
                5,
                5,
                5,
                5,
                5,
                5,
                5,
                5,
                5,
                5,
                5,
                5,
                5,
                5,
                5,
                5,
                5,
                5,
                5,
                5,
                5,
                5
            ],
            "neighbors": {
                "0": [
                    1
                ],
                "1": [
                    0,
                    2
                ],
                "2": [
                    1,
                    3
                ],
                "3": [
                    4,
                    2
                ],
                "4": [
                    3,
                    5
                ],
                "5": [
                    4,
                    6
                ],
                "6": [
                    5,
                    7
                ],
                "7": [
                    6,
                    8
                ],
                "8": [
                    7,
                    9
                ],
                "9": [
                    8,
                    10
                ],
                "10": [
                    9,
                    11
                ],
                "11": [
                    10,
                    12
                ],
                "12": [
                    11,
                    13
                ],
                "13": [
                    12,
                    14
                ],
                "14": [
                    13,
                    15
                ],
                "15": [
                    14,
                    16
                ],
                "16": [
                    15,
                    17
                ],
                "17": [
                    16,
                    18
                ],
                "18": [
                    17,
                    19
                ],
                "19": [
                    18,
                    20
                ],
                "20": [
                    19,
                    21
                ],
                "21": [
                    20,
                    22
                ],
                "22": [
                    23,
                    21
                ],
                "23": [
                    24,
                    22
                ],
                "24": [
                    23,
                    25
                ],
                "25": [
                    24,
                    26
                ],
                "26": [
                    25,
                    27
                ],
                "27": [
                    26,
                    28
                ],
                "28": [
                    27,
                    29
                ],
                "29": [
                    28,
                    30
                ],
                "30": [
                    29,
                    31
                ],
                "31": [
                    30,
                    32
                ],
                "32": [
                    31,
                    33
                ],
                "33": [
                    32,
                    34
                ],
                "34": [
                    33,
                    35
                ],
                "35": [
                    34,
                    36
                ],
                "36": [
                    35,
                    37
                ],
                "37": [
                    36,
                    38
                ],
                "38": [
                    39,
                    37
                ],
                "39": [
                    40,
                    38
                ],
                "40": [
                    41,
                    39
                ],
                "41": [
                    42,
                    40
                ],
                "42": [
                    41,
                    43
                ],
                "43": [
                    42,
                    44
                ],
                "44": [
                    43,
                    45
                ],
                "45": [
                    44,
                    46
                ],
                "46": [
                    45,
                    47
                ],
                "47": [
                    46,
                    48
                ],
                "48": [
                    49,
                    47
                ],
                "49": [
                    48,
                    50
                ],
                "50": [
                    49,
                    51
                ],
                "51": [
                    50,
                    52
                ],
                "52": [
                    51,
                    53
                ],
                "53": [
                    52,
                    54
                ],
                "54": [
                    53,
                    55
                ],
                "55": [
                    54,
                    56
                ],
                "56": [
                    55,
                    57
                ],
                "57": [
                    56,
                    58
                ],
                "58": [
                    57,
                    59
                ],
                "59": [
                    58,
                    60
                ],
                "60": [
                    59,
                    61
                ],
                "61": [
                    60,
                    62
                ],
                "62": [
                    61,
                    63
                ],
                "63": [
                    62,
                    64
                ],
                "64": [
                    63,
                    65
                ],
                "65": [
                    64,
                    66
                ],
                "66": [
                    65,
                    67
                ],
                "67": [
                    66,
                    68
                ],
                "68": [
                    67,
                    69
                ],
                "69": [
                    68
                ]
            }
        }
    }
}