{
    "grid_width": 60,
    "grid_height": 5,
    "objects": {
        "new_object_2": {
            "indices": [
                240,
                241,
                242,
                243,
                244,
                245,
                246,
                247,
                248,
                249,
                250,
                251,
                252,
                253,
                254,
                255,
                256,
                257,
                258,
                259,
                260,
                261,
                262,
                263,
                264,
                265,
                266,
                267,
                268,
                269,
                270,
                271,
                272,
                273,
                274,
                275,
                276,
                277,
                278,
                279,
                280,
                281,
                282,
                283,
                284,
                285,
                286,
                287,
                288,
                289,
                290,
                291,
                292,
                293,
                294,
                295,
                296,
                297,
                298,
                299,
                180,
                181,
                182,
                183,
                184,
                185,
                186,
                187,
                188,
                189,
                190,
                191,
                192,
                193,
                194,
                195,
                196,
                197,
                198,
                199,
                200,
                201,
                202,
                203,
                204,
                205,
                206,
                207,
                208,
                209,
                210,
                211,
                212,
                213,
                214,
                215,
                216,
                217,
                218,
                219,
                220,
                221,
                222,
                223,
                224,
                225,
                226,
                227,
                228,
                229,
                230,
                231,
                232,
                233,
                234,
                235,
                236,
                237,
                238,
                239,
                120,
                125,
                130,
                138,
                149,
                166,
                178,
                179,
                60,
                65,
                70,
                78,
                89,
                106,
                118,
                119,
                0,
                1,
                2,
                3,
                4,
                5,
                6,
                7,
                8,
                9,
                10,
                11,
                12,
                13,
                14,
                15,
                16,
                17,
                18,
                19,
                20,
                21,
                22,
                23,
                24,
                25,
                26,
                27,
                28,
                29,
                30,
                31,
                32,
                33,
                34,
                35,
                36,
                37,
                38,
                39,
                40,
                41,
                42,
                43,
                44,
                45,
                46,
                47,
                48,
                49,
                50,
                51,
                52,
                53,
                54,
                55,
                56,
                57,
                58,
                59
            ],
            "types": [
                5,
                2,
                2,
                2,
                2,
                5,
                2,
                2,
                2,
                2,
                5,
                2,
                2,
                2,
                2,
                2,
                2,
                2,
                5,
                2,
                2,
                2,
                2,
                2,
                2,
                2,
                2,
                2,
                2,
                5,
                2,
                2,
                2,
                2,
                2,
                2,
                2,
                2,
                2,
                2,
                2,
                2,
                2,
                2,
                2,
                2,
                5,
                2,
                2,
                2,
                2,
                2,
                2,
                2,
                2,
                2,
                2,
                2,
                5,
                5,
                5,
                2,
                2,
                2,
                2,
                5,
                2,
                2,
                2,
                2,
                5,
                2,
                2,
                2,
                2,
                2,
                2,
                2,
                5,
                2,
                2,
                2,
                2,
                2,
                2,
                2,
                2,
                2,
                2,
                5,
                2,
                2,
                2,
                2,
                2,
                2,
                2,
                2,
                2,
                2,
                2,
                2,
                2,
                2,
                2,
                2,
                5,
                2,
                2,
                2,
                2,
                2,
                2,
                2,
                2,
                2,
                2,
                2,
                5,
                5,
                5,
                5,
                5,
                5,
                5,
                5,
                5,
                5,
                5,
                5,
                5,
                5,
                5,
                5,
                5,
                5,
                5,
                5,
                5,
                5,
                5,
                5,
                5,
                5,
                5,
                5,
                5,
                5,
                5,
                5,
                5,
                5,
                5,
                5,
                5,
                5,
                5,
                5,
                5,
                5,
                5,
                5,
                5,
                5,
                5,
                5,
                5,
                5,
                5,
                5,
                5,
                5,
                5,
                5,
                5,
                5,
                5,
                5,
                5,
                5,
                5,
                5,
                5,
                5,
                5,
                5,
                5,
                5,
                5,
                5,
                5,
                5,
                5,
                5,
                5,
                5
            ],
            "neighbors": {
                "240": [
                    180,
                    241
                ],
                "241": [
                    240,
                    242,
                    181
                ],
                "242": [
                    243,
                    241,
                    182
                ],
                "243": [
                    242,
                    244,
                    183
                ],
                "244": [
                    243,
                    245,
                    184
                ],
                "245": [
                    185,
                    246,
                    244
                ],
                "246": [
                    245,
                    247,
                    186
                ],
                "247": [
                    248,
                    187,
                    246
                ],
                "248": [
                    247,
                    249,
                    188
                ],
                "249": [
                    248,
                    250,
                    189
                ],
                "250": [
                    190,
                    251,
                    249
                ],
                "251": [
                    250,
                    252,
                    191
                ],
                "252": [
                    251,
                    253,
                    192
                ],
                "253": [
                    252,
                    254,
                    193
                ],
                "254": [
                    253,
                    255,
                    194
                ],
                "255": [
                    254,
                    256,
                    195
                ],
                "256": [
                    255,
                    257,
                    196
                ],
                "257": [
                    256,
                    258,
                    197
                ],
                "258": [
                    198,
                    259,
                    257
                ],
                "259": [
                    258,
                    260,
                    199
                ],
                "260": [
                    259,
                    261,
                    200
                ],
                "261": [
                    260,
                    262,
                    201
                ],
                "262": [
                    261,
                    263,
                    202
                ],
                "263": [
                    262,
                    264,
                    203
                ],
                "264": [
                    263,
                    265,
                    204
                ],
                "265": [
                    264,
                    266,
                    205
                ],
                "266": [
                    265,
                    267,
                    206
                ],
                "267": [
                    266,
                    268,
                    207
                ],
                "268": [
                    267,
                    269,
                    208
                ],
                "269": [
                    209,
                    270,
                    268
                ],
                "270": [
                    269,
                    271,
                    210
                ],
                "271": [
                    270,
                    272,
                    211
                ],
                "272": [
                    271,
                    273,
                    212
                ],
                "273": [
                    272,
                    274,
                    213
                ],
                "274": [
                    273,
                    275,
                    214
                ],
                "275": [
                    274,
                    276,
                    215
                ],
                "276": [
                    275,
                    277,
                    216
                ],
                "277": [
                    276,
                    278,
                    217
                ],
                "278": [
                    277,
                    279,
                    218
                ],
                "279": [
                    278,
                    280,
                    219
                ],
                "280": [
                    279,
                    281,
                    220
                ],
                "281": [
                    280,
                    282,
                    221
                ],
                "282": [
                    281,
                    283,
                    222
                ],
                "283": [
                    282,
                    284,
                    223
                ],
                "284": [
                    283,
                    285,
                    224
                ],
                "285": [
                    284,
                    286,
                    225
                ],
                "286": [
                    226,
                    287,
                    285
                ],
                "287": [
                    286,
                    288,
                    227
                ],
                "288": [
                    287,
                    289,
                    228
                ],
                "289": [
                    288,
                    290,
                    229
                ],
                "290": [
                    289,
                    291,
                    230
                ],
                "291": [
                    290,
                    292,
                    231
                ],
                "292": [
                    293,
                    291,
                    232
                ],
                "293": [
                    294,
                    292,
                    233
                ],
                "294": [
                    295,
                    293,
                    234
                ],
                "295": [
                    294,
                    296,
                    235
                ],
                "296": [
                    295,
                    297,
                    236
                ],
                "297": [
                    296,
                    298,
                    237
                ],
                "298": [
                    238,
                    299,
                    297
                ],
                "299": [
                    298,
                    239
                ],
                "180": [
                    240,
                    120,
                    181
                ],
                "181": [
                    180,
                    182,
                    241
                ],
                "182": [
                    183,
                    242,
                    181
                ],
                "183": [
                    184,
                    243,
                    182
                ],
                "184": [
                    185,
                    244,
                    183
                ],
                "185": [
                    245,
                    125,
                    186,
                    184
                ],
                "186": [
                    185,
                    187,
                    246
                ],
                "187": [
                    188,
                    247,
                    186
                ],
                "188": [
                    189,
                    248,
                    187
                ],
                "189": [
                    190,
                    249,
                    188
                ],
                "190": [
                    250,
                    130,
                    191,
                    189
                ],
                "191": [
                    190,
                    192,
                    251
                ],
                "192": [
                    193,
                    252,
                    191
                ],
                "193": [
                    194,
                    253,
                    192
                ],
                "194": [
                    195,
                    254,
                    193
                ],
                "195": [
                    196,
                    255,
                    194
                ],
                "196": [
                    197,
                    256,
                    195
                ],
                "197": [
                    198,
                    257,
                    196
                ],
                "198": [
                    258,
                    138,
                    199,
                    197
                ],
                "199": [
                    198,
                    200,
                    259
                ],
                "200": [
                    201,
                    260,
                    199
                ],
                "201": [
                    202,
                    261,
                    200
                ],
                "202": [
                    203,
                    262,
                    201
                ],
                "203": [
                    204,
                    263,
                    202
                ],
                "204": [
                    205,
                    264,
                    203
                ],
                "205": [
                    206,
                    265,
                    204
                ],
                "206": [
                    266,
                    205,
                    207
                ],
                "207": [
                    206,
                    208,
                    267
                ],
                "208": [
                    209,
                    268,
                    207
                ],
                "209": [
                    269,
                    149,
                    210,
                    208
                ],
                "210": [
                    209,
                    211,
                    270
                ],
                "211": [
                    212,
                    271,
                    210
                ],
                "212": [
                    213,
                    272,
                    211
                ],
                "213": [
                    214,
                    273,
                    212
                ],
                "214": [
                    215,
                    274,
                    213
                ],
                "215": [
                    216,
                    275,
                    214
                ],
                "216": [
                    276,
                    215,
                    217
                ],
                "217": [
                    216,
                    218,
                    277
                ],
                "218": [
                    219,
                    278,
                    217
                ],
                "219": [
                    220,
                    279,
                    218
                ],
                "220": [
                    221,
                    280,
                    219
                ],
                "221": [
                    222,
                    281,
                    220
                ],
                "222": [
                    223,
                    282,
                    221
                ],
                "223": [
                    224,
                    283,
                    222
                ],
                "224": [
                    225,
                    284,
                    223
                ],
                "225": [
                    226,
                    285,
                    224
                ],
                "226": [
                    286,
                    166,
                    227,
                    225
                ],
                "227": [
                    226,
                    228,
                    287
                ],
                "228": [
                    229,
                    288,
                    227
                ],
                "229": [
                    289,
                    228,
                    230
                ],
                "230": [
                    229,
                    290,
                    231
                ],
                "231": [
                    230,
                    291,
                    232
                ],
                "232": [
                    231,
                    292,
                    233
                ],
                "233": [
                    232,
                    293,
                    234
                ],
                "234": [
                    233,
                    294,
                    235
                ],
                "235": [
                    234,
                    295,
                    236
                ],
                "236": [
                    235,
                    296,
                    237
                ],
                "237": [
                    236,
                    238,
                    297
                ],
                "238": [
                    298,
                    178,
                    239,
                    237
                ],
                "239": [
                    238,
                    179,
                    299
                ],
                "120": [
                    180,
                    60
                ],
                "125": [
                    185,
                    65
                ],
                "130": [
                    190,
                    70
                ],
                "138": [
                    198,
                    78
                ],
                "149": [
                    209,
                    89
                ],
                "166": [
                    226,
                    106
                ],
                "178": [
                    238,
                    118,
                    179
                ],
                "179": [
                    178,
                    119,
                    239
                ],
                "60": [
                    120,
                    0
                ],
                "65": [
                    125,
                    5
                ],
                "70": [
                    130,
                    10
                ],
                "78": [
                    138,
                    18
                ],
                "89": [
                    149,
                    29
                ],
                "106": [
                    166,
                    46
                ],
                "118": [
                    178,
                    58,
                    119
                ],
                "119": [
                    118,
                    59,
                    179
                ],
                "0": [
                    1,
                    60
                ],
                "1": [
                    0,
                    2
                ],
                "2": [
                    1,
                    3
                ],
                "3": [
                    2,
                    4
                ],
                "4": [
                    3,
                    5
                ],
                "5": [
                    4,
                    6,
                    65
                ],
                "6": [
                    5,
                    7
                ],
                "7": [
                    8,
                    6
                ],
                "8": [
                    7,
                    9
                ],
                "9": [
                    8,
                    10
                ],
                "10": [
                    9,
                    11,
                    70
                ],
                "11": [
                    10,
                    12
                ],
                "12": [
                    11,
                    13
                ],
                "13": [
                    12,
                    14
                ],
                "14": [
                    13,
                    15
                ],
                "15": [
                    14,
                    16
                ],
                "16": [
                    15,
                    17
                ],
                "17": [
                    16,
                    18
                ],
                "18": [
                    17,
                    19,
                    78
                ],
                "19": [
                    18,
                    20
                ],
                "20": [
                    19,
                    21
                ],
                "21": [
                    20,
                    22
                ],
                "22": [
                    21,
                    23
                ],
                "23": [
                    22,
                    24
                ],
                "24": [
                    23,
                    25
                ],
                "25": [
                    24,
                    26
                ],
                "26": [
                    25,
                    27
                ],
                "27": [
                    26,
                    28
                ],
                "28": [
                    27,
                    29
                ],
                "29": [
                    28,
                    30,
                    89
                ],
                "30": [
                    29,
                    31
                ],
                "31": [
                    30,
                    32
                ],
                "32": [
                    31,
                    33
                ],
                "33": [
                    32,
                    34
                ],
                "34": [
                    33,
                    35
                ],
                "35": [
                    34,
                    36
                ],
                "36": [
                    35,
                    37
                ],
                "37": [
                    36,
                    38
                ],
                "38": [
                    37,
                    39
                ],
                "39": [
                    38,
                    40
                ],
                "40": [
                    39,
                    41
                ],
                "41": [
                    40,
                    42
                ],
                "42": [
                    41,
                    43
                ],
                "43": [
                    42,
                    44
                ],
                "44": [
                    43,
                    45
                ],
                "45": [
                    44,
                    46
                ],
                "46": [
                    45,
                    47,
                    106
                ],
                "47": [
                    48,
                    46
                ],
                "48": [
                    49,
                    47
                ],
                "49": [
                    48,
                    50
                ],
                "50": [
                    49,
                    51
                ],
                "51": [
                    52,
                    50
                ],
                "52": [
                    53,
                    51
                ],
                "53": [
                    54,
                    52
                ],
                "54": [
                    53,
                    55
                ],
                "55": [
                    54,
                    56
                ],
                "56": [
                    55,
                    57
                ],
                "57": [
                    56,
                    58
                ],
                "58": [
                    57,
                    59,
                    118
                ],
                "59": [
                    58,
                    119
                ]
            }
        }
    }
}