{
    "grid_width": 60,
    "grid_height": 12,
    "objects": {
        "package": {
            "indices": [
                663,
                664,
                665,
                603,
                604,
                605
            ],
            "types": [
                1,
                1,
                1,
                1,
                1,
                1
            ],
            "neighbors": {
                "663": [
                    603,
                    664
                ],
                "664": [
                    663,
                    665,
                    604
                ],
                "665": [
                    664,
                    605
                ],
                "603": [
                    663,
                    604
                ],
                "604": [
                    603,
                    664,
                    605
                ],
                "605": [
                    604,
                    665
                ]
            }
        },
        "ground": {
            "indices": [
                288,
                289,
                180,
                181,
                182,
                183,
                184,
                185,
                186,
                187,
                188,
                189,
                190,
                191,
                192,
                193,
                194,
                195,
                196,
                197,
                198,
                199,
                200,
                201,
                202,
                203,
                228,
                229,
                143,
                144,
                145,
                146,
                168,
                169,
                86,
                87,
                88,
                89,
                90,
                91,
                92,
                93,
                94,
                95,
                96,
                97,
                98,
                99,
                100,
                101,
                102,
                103,
                104,
                105,
                106,
                107,
                108,
                109,
                110,
                111,
                112,
                113,
                114,
                115,
                116,
                117,
                118,
                119
            ],
            "types": [
                5,
                5,
                5,
                5,
                5,
                5,
                5,
                5,
                5,
                5,
                5,
                5,
                5,
                5,
                5,
                5,
                5,
                5,
                5,
                5,
                5,
                5,
                5,
                5,
                5,
                5,
                5,
                5,
                5,
                5,
                5,
                5,
                5,
                5,
                5,
                5,
                5,
                5,
                5,
                5,
                5,
                5,
                5,
                5,
                5,
                5,
                5,
                5,
                5,
                5,
                5,
                5,
                5,
                5,
                5,
                5,
                5,
                5,
                5,
                5,
                5,
                5,
                5,
                5,
                5,
                5,
                5,
                5
            ],
            "neighbors": {
                "288": [
                    289,
                    228
                ],
                "289": [
                    229,
                    288
                ],
                "180": [
                    181
                ],
                "181": [
                    180,
                    182
                ],
                "182": [
                    181,
                    183
                ],
                "183": [
                    182,
                    184
                ],
                "184": [
                    183,
                    185
                ],
                "185": [
                    184,
                    186
                ],
                "186": [
                    185,
                    187
                ],
                "187": [
                    186,
                    188
                ],
                "188": [
                    187,
                    189
                ],
                "189": [
                    188,
                    190
                ],
                "190": [
                    189,
                    191
                ],
                "191": [
                    190,
                    192
                ],
                "192": [
                    191,
                    193
                ],
                "193": [
                    192,
                    194
                ],
                "194": [
                    193,
                    195
                ],
                "195": [
                    194,
                    196
                ],
                "196": [
                    195,
                    197
                ],
                "197": [
                    196,
                    198
                ],
                "198": [
                    197,
                    199
                ],
                "199": [
                    198,
                    200
                ],
                "200": [
                    199,
                    201
                ],
                "201": [
                    200,
                    202
                ],
                "202": [
                    201,
                    203
                ],
                "203": [
                    202,
                    143
                ],
                "228": [
                    168,
                    229,
                    288
                ],
                "229": [
                    228,
                    169,
                    289
                ],
                "143": [
                    203,
                    144
                ],
                "144": [
                    143,
                    145
                ],
                "145": [
                    144,
                    146
                ],
                "146": [
                    145,
                    86
                ],
                "168": [
                    169,
                    108,
                    228
                ],
                "169": [
                    109,
                    168,
                    229
                ],
                "86": [
                    146,
                    87
                ],
                "87": [
                    86,
                    88
                ],
                "88": [
                    87,
                    89
                ],
                "89": [
                    88,
                    90
                ],
                "90": [
                    89,
                    91
                ],
                "91": [
                    90,
                    92
                ],
                "92": [
                    91,
                    93
                ],
                "93": [
                    92,
                    94
                ],
                "94": [
                    93,
                    95
                ],
                "95": [
                    94,
                    96
                ],
                "96": [
                    95,
                    97
                ],
                "97": [
                    96,
                    98
                ],
                "98": [
                    97,
                    99
                ],
                "99": [
                    98,
                    100
                ],
                "100": [
                    99,
                    101
                ],
                "101": [
                    100,
                    102
                ],
                "102": [
                    101,
                    103
                ],
                "103": [
                    102,
                    104
                ],
                "104": [
                    103,
                    105
                ],
                "105": [
                    104,
                    106
                ],
                "106": [
                    105,
                    107
                ],
                "107": [
                    106,
                    108
                ],
                "108": [
                    107,
                    109,
                    168
                ],
                "109": [
                    108,
                    110,
                    169
                ],
                "110": [
                    109,
                    111
                ],
                "111": [
                    110,
                    112
                ],
                "112": [
                    111,
                    113
                ],
                "113": [
                    112,
                    114
                ],
                "114": [
                    113,
                    115
                ],
                "115": [
                    114,
                    116
                ],
                "116": [
                    115,
                    117
                ],
                "117": [
                    116,
                    118
                ],
                "118": [
                    117,
                    119
                ],
                "119": [
                    118
                ]
            }
        }
    }
}