{
    "grid_width": 70,
    "grid_height": 14,
    "objects": {
        "terrain": {
            "indices": [
                930,
                860,
                790,
                720,
                650,
                699,
                580,
                629,
                510,
                511,
                524,
                525,
                526,
                527,
                528,
                529,
                530,
                531,
                532,
                533,
                534,
                535,
                536,
                537,
                538,
                539,
                540,
                541,
                542,
                543,
                544,
                545,
                546,
                547,
                548,
                549,
                550,
                551,
                552,
                553,
                554,
                555,
                556,
                557,
                558,
                559,
                441,
                442,
                443,
                444,
                445,
                446,
                447,
                448,
                449,
                450,
                451,
                452,
                453,
                454,
                459,
                460,
                461,
                462,
                463,
                464,
                465,
                466,
                467,
                468,
                469,
                470,
                471,
                472,
                473,
                478,
                479,
                480,
                489,
                373,
                374,
                375,
                376,
                377,
                378,
                379,
                380,
                381,
                382,
                392,
                393,
                394,
                395,
                396,
                397,
                398,
                399,
                400,
                401,
                409,
                410,
                419,
                305,
                306,
                307,
                308,
                309,
                310,
                339,
                349,
                279,
                209,
                116,
                117,
                118,
                119,
                120,
                139,
                0,
                1,
                2,
                3,
                4,
                5,
                6,
                7,
                8,
                9,
                10,
                11,
                12,
                13,
                14,
                15,
                16,
                17,
                18,
                19,
                20,
                21,
                22,
                23,
                24,
                25,
                26,
                27,
                28,
                29,
                30,
                31,
                32,
                33,
                34,
                35,
                36,
                37,
                38,
                39,
                40,
                41,
                42,
                43,
                44,
                45,
                46,
                47,
                48,
                49,
                50,
                51,
                52,
                53,
                54,
                55,
                56,
                57,
                58,
                59,
                60,
                61,
                62,
                63,
                64,
                65,
                66,
                67,
                68,
                69
            ],
            "types": [
                5,
                5,
                5,
                5,
                5,
                5,
                5,
                5,
                5,
                5,
                5,
                5,
                5,
                5,
                5,
                5,
                5,
                5,
                5,
                5,
                5,
                5,
                5,
                5,
                5,
                5,
                5,
                5,
                5,
                5,
                5,
                5,
                5,
                5,
                5,
                5,
                5,
                5,
                5,
                5,
                5,
                5,
                5,
                5,
                5,
                5,
                2,
                2,
                2,
                2,
                2,
                2,
                2,
                2,
                2,
                2,
                2,
                2,
                2,
                2,
                2,
                2,
                2,
                2,
                2,
                2,
                2,
                2,
                2,
                2,
                2,
                2,
                2,
                2,
                2,
                5,
                5,
                5,
                5,
                2,
                2,
                2,
                2,
                2,
                2,
                2,
                2,
                2,
                2,
                2,
                2,
                2,
                2,
                2,
                2,
                2,
                2,
                2,
                2,
                5,
                5,
                5,
                2,
                2,
                2,
                2,
                2,
                2,
                5,
                5,
                5,
                5,
                2,
                2,
                2,
                2,
                2,
                5,
                5,
                5,
                5,
                5,
                5,
                5,
                5,
                5,
                5,
                5,
                5,
                5,
                5,
                5,
                5,
                5,
                5,
                5,
                5,
                5,
                5,
                5,
                5,
                5,
                5,
                5,
                5,
                5,
                5,
                5,
                5,
                5,
                5,
                5,
                5,
                5,
                5,
                5,
                5,
                5,
                5,
                5,
                5,
                5,
                5,
                5,
                5,
                5,
                5,
                5,
                5,
                5,
                5,
                5,
                5,
                5,
                5,
                5,
                5,
                5,
                5,
                5,
                5,
                5,
                5,
                5,
                5,
                5,
                5,
                5
            ],
            "neighbors": {
                "930": [
                    860
                ],
                "860": [
                    930,
                    790
                ],
                "790": [
                    860,
                    720
                ],
                "720": [
                    790,
                    650
                ],
                "650": [
                    720,
                    580
                ],
                "699": [
                    629
                ],
                "580": [
                    510,
                    650
                ],
                "629": [
                    559,
                    699
                ],
                "510": [
                    580,
                    511
                ],
                "511": [
                    510,
                    441
                ],
                "524": [
                    454,
                    525
                ],
                "525": [
                    524,
                    526
                ],
                "526": [
                    525,
                    527
                ],
                "527": [
                    526,
                    528
                ],
                "528": [
                    527,
                    529
                ],
                "529": [
                    528,
                    530,
                    459
                ],
                "530": [
                    529,
                    531,
                    460
                ],
                "531": [
                    530,
                    532,
                    461
                ],
                "532": [
                    531,
                    533,
                    462
                ],
                "533": [
                    532,
                    534,
                    463
                ],
                "534": [
                    533,
                    535,
                    464
                ],
                "535": [
                    534,
                    536,
                    465
                ],
                "536": [
                    535,
                    537,
                    466
                ],
                "537": [
                    536,
                    538,
                    467
                ],
                "538": [
                    537,
                    539,
                    468
                ],
                "539": [
                    538,
                    540,
                    469
                ],
                "540": [
                    539,
                    541,
                    470
                ],
                "541": [
                    540,
                    542,
                    471
                ],
                "542": [
                    541,
                    543,
                    472
                ],
                "543": [
                    542,
                    544,
                    473
                ],
                "544": [
                    543,
                    545
                ],
                "545": [
                    544,
                    546
                ],
                "546": [
                    545,
                    547
                ],
                "547": [
                    546,
                    548
                ],
                "548": [
                    547,
                    549,
                    478
                ],
                "549": [
                    548,
                    550,
                    479
                ],
                "550": [
                    549,
                    551,
                    480
                ],
                "551": [
                    550,
                    552
                ],
                "552": [
                    551,
                    553
                ],
                "553": [
                    552,
                    554
                ],
                "554": [
                    553,
                    555
                ],
                "555": [
                    554,
                    556
                ],
                "556": [
                    555,
                    557
                ],
                "557": [
                    556,
                    558
                ],
                "558": [
                    557,
                    559
                ],
                "559": [
                    558,
                    629,
                    489
                ],
                "441": [
                    511,
                    442
                ],
                "442": [
                    441,
                    443
                ],
                "443": [
                    442,
                    444,
                    373
                ],
                "444": [
                    443,
                    445,
                    374
                ],
                "445": [
                    444,
                    446,
                    375
                ],
                "446": [
                    445,
                    447,
                    376
                ],
                "447": [
                    446,
                    448,
                    377
                ],
                "448": [
                    447,
                    449,
                    378
                ],
                "449": [
                    448,
                    450,
                    379
                ],
                "450": [
                    449,
                    451,
                    380
                ],
                "451": [
                    450,
                    452,
                    381
                ],
                "452": [
                    451,
                    453,
                    382
                ],
                "453": [
                    452,
                    454
                ],
                "454": [
                    453,
                    524
                ],
                "459": [
                    529,
                    460
                ],
                "460": [
                    459,
                    530,
                    461
                ],
                "461": [
                    460,
                    531,
                    462
                ],
                "462": [
                    461,
                    532,
                    463,
                    392
                ],
                "463": [
                    462,
                    533,
                    464,
                    393
                ],
                "464": [
                    463,
                    534,
                    465,
                    394
                ],
                "465": [
                    464,
                    535,
                    466,
                    395
                ],
                "466": [
                    465,
                    536,
                    467,
                    396
                ],
                "467": [
                    466,
                    537,
                    468,
                    397
                ],
                "468": [
                    467,
                    538,
                    469,
                    398
                ],
                "469": [
                    468,
                    539,
                    470,
                    399
                ],
                "470": [
                    469,
                    540,
                    471,
                    400
                ],
                "471": [
                    470,
                    541,
                    472,
                    401
                ],
                "472": [
                    471,
                    473,
                    542
                ],
                "473": [
                    543,
                    472
                ],
                "478": [
                    479,
                    548
                ],
                "479": [
                    480,
                    549,
                    478,
                    409
                ],
                "480": [
                    550,
                    479,
                    410
                ],
                "489": [
                    559,
                    419
                ],
                "373": [
                    443,
                    374
                ],
                "374": [
                    373,
                    444,
                    375
                ],
                "375": [
                    374,
                    445,
                    376,
                    305
                ],
                "376": [
                    375,
                    446,
                    377,
                    306
                ],
                "377": [
                    376,
                    447,
                    378,
                    307
                ],
                "378": [
                    377,
                    448,
                    379,
                    308
                ],
                "379": [
                    378,
                    449,
                    380,
                    309
                ],
                "380": [
                    379,
                    450,
                    381,
                    310
                ],
                "381": [
                    380,
                    451,
                    382
                ],
                "382": [
                    381,
                    452
                ],
                "392": [
                    462,
                    393
                ],
                "393": [
                    392,
                    463,
                    394
                ],
                "394": [
                    393,
                    464,
                    395
                ],
                "395": [
                    394,
                    465,
                    396
                ],
                "396": [
                    395,
                    466,
                    397
                ],
                "397": [
                    396,
                    467,
                    398
                ],
                "398": [
                    397,
                    468,
                    399
                ],
                "399": [
                    398,
                    469,
                    400
                ],
                "400": [
                    399,
                    470,
                    401
                ],
                "401": [
                    400,
                    471
                ],
                "409": [
                    479,
                    410,
                    339
                ],
                "410": [
                    409,
                    480
                ],
                "419": [
                    489,
                    349
                ],
                "305": [
                    375,
                    306
                ],
                "306": [
                    305,
                    376,
                    307
                ],
                "307": [
                    306,
                    377,
                    308
                ],
                "308": [
                    307,
                    378,
                    309
                ],
                "309": [
                    308,
                    379,
                    310
                ],
                "310": [
                    309,
                    380
                ],
                "339": [
                    409
                ],
                "349": [
                    419,
                    279
                ],
                "279": [
                    349,
                    209
                ],
                "209": [
                    279,
                    139
                ],
                "116": [
                    117,
                    46
                ],
                "117": [
                    118,
                    47,
                    116
                ],
                "118": [
                    119,
                    48,
                    117
                ],
                "119": [
                    120,
                    49,
                    118
                ],
                "120": [
                    50,
                    119
                ],
                "139": [
                    209,
                    69
                ],
                "0": [
                    1
                ],
                "1": [
                    0,
                    2
                ],
                "2": [
                    1,
                    3
                ],
                "3": [
                    2,
                    4
                ],
                "4": [
                    3,
                    5
                ],
                "5": [
                    4,
                    6
                ],
                "6": [
                    5,
                    7
                ],
                "7": [
                    8,
                    6
                ],
                "8": [
                    7,
                    9
                ],
                "9": [
                    8,
                    10
                ],
                "10": [
                    9,
                    11
                ],
                "11": [
                    10,
                    12
                ],
                "12": [
                    11,
                    13
                ],
                "13": [
                    12,
                    14
                ],
                "14": [
                    13,
                    15
                ],
                "15": [
                    14,
                    16
                ],
                "16": [
                    15,
                    17
                ],
                "17": [
                    16,
                    18
                ],
                "18": [
                    17,
                    19
                ],
                "19": [
                    18,
                    20
                ],
                "20": [
                    19,
                    21
                ],
                "21": [
                    20,
                    22
                ],
                "22": [
                    21,
                    23
                ],
                "23": [
                    22,
                    24
                ],
                "24": [
                    23,
                    25
                ],
                "25": [
                    24,
                    26
                ],
                "26": [
                    25,
                    27
                ],
                "27": [
                    26,
                    28
                ],
                "28": [
                    27,
                    29
                ],
                "29": [
                    28,
                    30
                ],
                "30": [
                    29,
                    31
                ],
                "31": [
                    30,
                    32
                ],
                "32": [
                    31,
                    33
                ],
                "33": [
                    32,
                    34
                ],
                "34": [
                    33,
                    35
                ],
                "35": [
                    34,
                    36
                ],
                "36": [
                    35,
                    37
                ],
                "37": [
                    36,
                    38
                ],
                "38": [
                    37,
                    39
                ],
                "39": [
                    38,
                    40
                ],
                "40": [
                    39,
                    41
                ],
                "41": [
                    40,
                    42
                ],
                "42": [
                    41,
                    43
                ],
                "43": [
                    42,
                    44
                ],
                "44": [
                    43,
                    45
                ],
                "45": [
                    44,
                    46
                ],
                "46": [
                    45,
                    47,
                    116
                ],
                "47": [
                    48,
                    46,
                    117
                ],
                "48": [
                    49,
                    47,
                    118
                ],
                "49": [
                    48,
                    50,
                    119
                ],
                "50": [
                    49,
                    51,
                    120
                ],
                "51": [
                    52,
                    50
                ],
                "52": [
                    53,
                    51
                ],
                "53": [
                    54,
                    52
                ],
                "54": [
                    53,
                    55
                ],
                "55": [
                    54,
                    56
                ],
                "56": [
                    55,
                    57
                ],
                "57": [
                    56,
                    58
                ],
                "58": [
                    57,
                    59
                ],
                "59": [
                    58,
                    60
                ],
                "60": [
                    59,
                    61
                ],
                "61": [
                    60,
                    62
                ],
                "62": [
                    61,
                    63
                ],
                "63": [
                    62,
                    64
                ],
                "64": [
                    63,
                    65
                ],
                "65": [
                    64,
                    66
                ],
                "66": [
                    65,
                    67
                ],
                "67": [
                    66,
                    68
                ],
                "68": [
                    67,
                    69
                ],
                "69": [
                    68,
                    139
                ]
            }
        }
    }
}