{
    "grid_width": 7,
    "grid_height": 90,
    "objects": {
        "pipe": {
            "indices": [
                623,
                624,
                625,
                626,
                627,
                628,
                629,
                616,
                622,
                609,
                615,
                602,
                608,
                595,
                601,
                588,
                594,
                581,
                587,
                574,
                580,
                567,
                573,
                560,
                566,
                553,
                559,
                546,
                552,
                539,
                545,
                532,
                538,
                525,
                531,
                518,
                524,
                511,
                517,
                504,
                510,
                497,
                503,
                490,
                496,
                483,
                489,
                476,
                482,
                469,
                475,
                462,
                468,
                455,
                461,
                448,
                454,
                441,
                447,
                434,
                440,
                427,
                433,
                420,
                426,
                413,
                419,
                406,
                412,
                399,
                405,
                392,
                398,
                385,
                391,
                378,
                384,
                371,
                377,
                364,
                370,
                357,
                363,
                350,
                356,
                343,
                349,
                336,
                342,
                329,
                335,
                322,
                328,
                315,
                321,
                308,
                314,
                301,
                307,
                294,
                300,
                287,
                293,
                280,
                286,
                273,
                279,
                266,
                272,
                259,
                265,
                252,
                258,
                245,
                251,
                238,
                244,
                231,
                237,
                224,
                230,
                217,
                223,
                210,
                216,
                203,
                209,
                196,
                202,
                189,
                195,
                182,
                188,
                175,
                181,
                168,
                174,
                161,
                167,
                154,
                160,
                147,
                153,
                140,
                146,
                133,
                139,
                126,
                132,
                119,
                125,
                112,
                118,
                105,
                111,
                98,
                104,
                91,
                97,
                84,
                90,
                77,
                83,
                70,
                76,
                63,
                69,
                56,
                62,
                49,
                55,
                42,
                48,
                35,
                41,
                28,
                34,
                21,
                27,
                14,
                20,
                7,
                13,
                0,
                1,
                2,
                3,
                4,
                5,
                6
            ],
            "types": [
                5,
                5,
                5,
                5,
                5,
                5,
                5,
                5,
                5,
                5,
                5,
                5,
                5,
                5,
                5,
                5,
                5,
                5,
                5,
                5,
                5,
                5,
                5,
                5,
                5,
                5,
                5,
                5,
                5,
                5,
                5,
                5,
                5,
                5,
                5,
                5,
                5,
                5,
                5,
                5,
                5,
                5,
                5,
                5,
                5,
                5,
                5,
                5,
                5,
                5,
                5,
                5,
                5,
                5,
                5,
                5,
                5,
                5,
                5,
                5,
                5,
                5,
                5,
                5,
                5,
                5,
                5,
                5,
                5,
                5,
                5,
                5,
                5,
                5,
                5,
                5,
                5,
                5,
                5,
                5,
                5,
                5,
                5,
                5,
                5,
                5,
                5,
                5,
                5,
                5,
                5,
                5,
                5,
                5,
                5,
                5,
                5,
                5,
                5,
                5,
                5,
                5,
                5,
                5,
                5,
                5,
                5,
                5,
                5,
                5,
                5,
                5,
                5,
                5,
                5,
                5,
                5,
                5,
                5,
                5,
                5,
                5,
                5,
                5,
                5,
                5,
                5,
                5,
                5,
                5,
                5,
                5,
                5,
                5,
                5,
                5,
                5,
                5,
                5,
                5,
                5,
                5,
                5,
                5,
                5,
                5,
                5,
                5,
                5,
                5,
                5,
                5,
                5,
                5,
                5,
                5,
                5,
                5,
                5,
                5,
                5,
                5,
                5,
                5,
                5,
                5,
                5,
                5,
                5,
                5,
                5,
                5,
                5,
                5,
                5,
                5,
                5,
                5,
                5,
                5,
                5,
                5,
                5,
                5,
                5,
                5,
                5,
                5,
                5,
                5
            ],
            "neighbors": {
                "623": [
                    616,
                    624
                ],
                "624": [
                    623,
                    625
                ],
                "625": [
                    624,
                    626
                ],
                "626": [
                    625,
                    627
                ],
                "627": [
                    626,
                    628
                ],
                "628": [
                    627,
                    629
                ],
                "629": [
                    628,
                    622
                ],
                "616": [
                    609,
                    623
                ],
                "622": [
                    629,
                    615
                ],
                "609": [
                    602,
                    616
                ],
                "615": [
                    622,
                    608
                ],
                "602": [
                    595,
                    609
                ],
                "608": [
                    601,
                    615
                ],
                "595": [
                    588,
                    602
                ],
                "601": [
                    608,
                    594
                ],
                "588": [
                    581,
                    595
                ],
                "594": [
                    601,
                    587
                ],
                "581": [
                    574,
                    588
                ],
                "587": [
                    594,
                    580
                ],
                "574": [
                    567,
                    581
                ],
                "580": [
                    587,
                    573
                ],
                "567": [
                    560,
                    574
                ],
                "573": [
                    580,
                    566
                ],
                "560": [
                    553,
                    567
                ],
                "566": [
                    573,
                    559
                ],
                "553": [
                    546,
                    560
                ],
                "559": [
                    566,
                    552
                ],
                "546": [
                    539,
                    553
                ],
                "552": [
                    559,
                    545
                ],
                "539": [
                    532,
                    546
                ],
                "545": [
                    552,
                    538
                ],
                "532": [
                    525,
                    539
                ],
                "538": [
                    545,
                    531
                ],
                "525": [
                    518,
                    532
                ],
                "531": [
                    538,
                    524
                ],
                "518": [
                    511,
                    525
                ],
                "524": [
                    531,
                    517
                ],
                "511": [
                    504,
                    518
                ],
                "517": [
                    524,
                    510
                ],
                "504": [
                    497,
                    511
                ],
                "510": [
                    517,
                    503
                ],
                "497": [
                    490,
                    504
                ],
                "503": [
                    510,
                    496
                ],
                "490": [
                    483,
                    497
                ],
                "496": [
                    503,
                    489
                ],
                "483": [
                    476,
                    490
                ],
                "489": [
                    496,
                    482
                ],
                "476": [
                    469,
                    483
                ],
                "482": [
                    489,
                    475
                ],
                "469": [
                    462,
                    476
                ],
                "475": [
                    482,
                    468
                ],
                "462": [
                    455,
                    469
                ],
                "468": [
                    475,
                    461
                ],
                "455": [
                    448,
                    462
                ],
                "461": [
                    468,
                    454
                ],
                "448": [
                    441,
                    455
                ],
                "454": [
                    461,
                    447
                ],
                "441": [
                    434,
                    448
                ],
                "447": [
                    454,
                    440
                ],
                "434": [
                    427,
                    441
                ],
                "440": [
                    447,
                    433
                ],
                "427": [
                    420,
                    434
                ],
                "433": [
                    440,
                    426
                ],
                "420": [
                    413,
                    427
                ],
                "426": [
                    433,
                    419
                ],
                "413": [
                    406,
                    420
                ],
                "419": [
                    426,
                    412
                ],
                "406": [
                    399,
                    413
                ],
                "412": [
                    419,
                    405
                ],
                "399": [
                    392,
                    406
                ],
                "405": [
                    412,
                    398
                ],
                "392": [
                    385,
                    399
                ],
                "398": [
                    405,
                    391
                ],
                "385": [
                    378,
                    392
                ],
                "391": [
                    398,
                    384
                ],
                "378": [
                    371,
                    385
                ],
                "384": [
                    391,
                    377
                ],
                "371": [
                    364,
                    378
                ],
                "377": [
                    384,
                    370
                ],
                "364": [
                    357,
                    371
                ],
                "370": [
                    377,
                    363
                ],
                "357": [
                    350,
                    364
                ],
                "363": [
                    370,
                    356
                ],
                "350": [
                    343,
                    357
                ],
                "356": [
                    363,
                    349
                ],
                "343": [
                    336,
                    350
                ],
                "349": [
                    356,
                    342
                ],
                "336": [
                    329,
                    343
                ],
                "342": [
                    349,
                    335
                ],
                "329": [
                    322,
                    336
                ],
                "335": [
                    342,
                    328
                ],
                "322": [
                    315,
                    329
                ],
                "328": [
                    335,
                    321
                ],
                "315": [
                    308,
                    322
                ],
                "321": [
                    328,
                    314
                ],
                "308": [
                    301,
                    315
                ],
                "314": [
                    321,
                    307
                ],
                "301": [
                    294,
                    308
                ],
                "307": [
                    314,
                    300
                ],
                "294": [
                    287,
                    301
                ],
                "300": [
                    307,
                    293
                ],
                "287": [
                    280,
                    294
                ],
                "293": [
                    300,
                    286
                ],
                "280": [
                    273,
                    287
                ],
                "286": [
                    293,
                    279
                ],
                "273": [
                    266,
                    280
                ],
                "279": [
                    286,
                    272
                ],
                "266": [
                    259,
                    273
                ],
                "272": [
                    279,
                    265
                ],
                "259": [
                    252,
                    266
                ],
                "265": [
                    272,
                    258
                ],
                "252": [
                    245,
                    259
                ],
                "258": [
                    265,
                    251
                ],
                "245": [
                    238,
                    252
                ],
                "251": [
                    258,
                    244
                ],
                "238": [
                    231,
                    245
                ],
                "244": [
                    251,
                    237
                ],
                "231": [
                    224,
                    238
                ],
                "237": [
                    244,
                    230
                ],
                "224": [
                    217,
                    231
                ],
                "230": [
                    237,
                    223
                ],
                "217": [
                    210,
                    224
                ],
                "223": [
                    230,
                    216
                ],
                "210": [
                    203,
                    217
                ],
                "216": [
                    223,
                    209
                ],
                "203": [
                    210,
                    196
                ],
                "209": [
                    216,
                    202
                ],
                "196": [
                    203,
                    189
                ],
                "202": [
                    209,
                    195
                ],
                "189": [
                    196,
                    182
                ],
                "195": [
                    202,
                    188
                ],
                "182": [
                    189,
                    175
                ],
                "188": [
                    195,
                    181
                ],
                "175": [
                    168,
                    182
                ],
                "181": [
                    188,
                    174
                ],
                "168": [
                    161,
                    175
                ],
                "174": [
                    181,
                    167
                ],
                "161": [
                    154,
                    168
                ],
                "167": [
                    174,
                    160
                ],
                "154": [
                    147,
                    161
                ],
                "160": [
                    167,
                    153
                ],
                "147": [
                    140,
                    154
                ],
                "153": [
                    160,
                    146
                ],
                "140": [
                    133,
                    147
                ],
                "146": [
                    153,
                    139
                ],
                "133": [
                    126,
                    140
                ],
                "139": [
                    146,
                    132
                ],
                "126": [
                    119,
                    133
                ],
                "132": [
                    139,
                    125
                ],
                "119": [
                    112,
                    126
                ],
                "125": [
                    132,
                    118
                ],
                "112": [
                    105,
                    119
                ],
                "118": [
                    125,
                    111
                ],
                "105": [
                    98,
                    112
                ],
                "111": [
                    118,
                    104
                ],
                "98": [
                    91,
                    105
                ],
                "104": [
                    111,
                    97
                ],
                "91": [
                    84,
                    98
                ],
                "97": [
                    104,
                    90
                ],
                "84": [
                    77,
                    91
                ],
                "90": [
                    97,
                    83
                ],
                "77": [
                    70,
                    84
                ],
                "83": [
                    90,
                    76
                ],
                "70": [
                    63,
                    77
                ],
                "76": [
                    83,
                    69
                ],
                "63": [
                    56,
                    70
                ],
                "69": [
                    76,
                    62
                ],
                "56": [
                    49,
                    63
                ],
                "62": [
                    69,
                    55
                ],
                "49": [
                    42,
                    56
                ],
                "55": [
                    48,
                    62
                ],
                "42": [
                    49,
                    35
                ],
                "48": [
                    41,
                    55
                ],
                "35": [
                    28,
                    42
                ],
                "41": [
                    34,
                    48
                ],
                "28": [
                    21,
                    35
                ],
                "34": [
                    41,
                    27
                ],
                "21": [
                    28,
                    14
                ],
                "27": [
                    34,
                    20
                ],
                "14": [
                    21,
                    7
                ],
                "20": [
                    13,
                    27
                ],
                "7": [
                    14,
                    0
                ],
                "13": [
                    20,
                    6
                ],
                "0": [
                    1,
                    7
                ],
                "1": [
                    0,
                    2
                ],
                "2": [
                    1,
                    3
                ],
                "3": [
                    2,
                    4
                ],
                "4": [
                    3,
                    5
                ],
                "5": [
                    4,
                    6
                ],
                "6": [
                    5,
                    13
                ]
            }
        }
    }
}