{
    "grid_width": 27,
    "grid_height": 42,
    "objects": {
        "pipe": {
            "indices": [
                1114,
                1115,
                1116,
                1117,
                1118,
                1119,
                1120,
                1121,
                1122,
                1123,
                1124,
                1125,
                1126,
                1127,
                1128,
                1129,
                1130,
                1131,
                1132,
                1133,
                1086,
                1087,
                1106,
                1058,
                1059,
                1079,
                1030,
                1031,
                1052,
                1002,
                1003,
                1025,
                975,
                998,
                948,
                956,
                957,
                958,
                959,
                960,
                961,
                962,
                963,
                964,
                965,
                966,
                967,
                968,
                969,
                970,
                971,
                920,
                921,
                928,
                929,
                893,
                900,
                901,
                866,
                872,
                873,
                839,
                845,
                811,
                812,
                818,
                784,
                791,
                757,
                764,
                730,
                736,
                737,
                703,
                709,
                676,
                682,
                649,
                655,
                621,
                622,
                628,
                594,
                601,
                567,
                574,
                540,
                547,
                513,
                519,
                520,
                486,
                492,
                459,
                465,
                432,
                438,
                405,
                411,
                378,
                384,
                351,
                357,
                324,
                330,
                297,
                303,
                270,
                276,
                243,
                249,
                216,
                222,
                189,
                195,
                162,
                168,
                135,
                141,
                108,
                114,
                81,
                87,
                54,
                60,
                27,
                33,
                0,
                1,
                2,
                3,
                4,
                5,
                6
            ],
            "types": [
                5,
                5,
                5,
                5,
                5,
                5,
                5,
                5,
                5,
                5,
                5,
                5,
                5,
                5,
                5,
                5,
                5,
                5,
                5,
                5,
                5,
                5,
                5,
                5,
                5,
                5,
                5,
                5,
                5,
                5,
                5,
                5,
                5,
                5,
                5,
                5,
                5,
                5,
                5,
                5,
                5,
                5,
                5,
                5,
                5,
                5,
                5,
                5,
                5,
                5,
                5,
                5,
                5,
                5,
                5,
                5,
                5,
                5,
                5,
                5,
                5,
                5,
                5,
                5,
                5,
                5,
                5,
                5,
                5,
                5,
                5,
                5,
                5,
                5,
                5,
                5,
                5,
                5,
                5,
                5,
                5,
                5,
                5,
                5,
                5,
                5,
                5,
                5,
                5,
                5,
                5,
                5,
                5,
                5,
                5,
                5,
                5,
                5,
                5,
                5,
                5,
                5,
                5,
                5,
                5,
                5,
                5,
                5,
                5,
                5,
                5,
                5,
                5,
                5,
                5,
                5,
                5,
                5,
                5,
                5,
                5,
                5,
                5,
                5,
                5,
                5,
                5,
                5,
                5,
                5,
                5,
                5,
                5,
                5
            ],
            "neighbors": {
                "1114": [
                    1087,
                    1115
                ],
                "1115": [
                    1114,
                    1116
                ],
                "1116": [
                    1115,
                    1117
                ],
                "1117": [
                    1116,
                    1118
                ],
                "1118": [
                    1117,
                    1119
                ],
                "1119": [
                    1118,
                    1120
                ],
                "1120": [
                    1119,
                    1121
                ],
                "1121": [
                    1120,
                    1122
                ],
                "1122": [
                    1121,
                    1123
                ],
                "1123": [
                    1122,
                    1124
                ],
                "1124": [
                    1123,
                    1125
                ],
                "1125": [
                    1124,
                    1126
                ],
                "1126": [
                    1125,
                    1127
                ],
                "1127": [
                    1126,
                    1128
                ],
                "1128": [
                    1127,
                    1129
                ],
                "1129": [
                    1128,
                    1130
                ],
                "1130": [
                    1129,
                    1131
                ],
                "1131": [
                    1130,
                    1132
                ],
                "1132": [
                    1131,
                    1133
                ],
                "1133": [
                    1132,
                    1106
                ],
                "1086": [
                    1059,
                    1087
                ],
                "1087": [
                    1086,
                    1114
                ],
                "1106": [
                    1133,
                    1079
                ],
                "1058": [
                    1031,
                    1059
                ],
                "1059": [
                    1058,
                    1086
                ],
                "1079": [
                    1106,
                    1052
                ],
                "1030": [
                    1003,
                    1031
                ],
                "1031": [
                    1030,
                    1058
                ],
                "1052": [
                    1079,
                    1025
                ],
                "1002": [
                    975,
                    1003
                ],
                "1003": [
                    1002,
                    1030
                ],
                "1025": [
                    1052,
                    998
                ],
                "975": [
                    948,
                    1002
                ],
                "998": [
                    1025,
                    971
                ],
                "948": [
                    921,
                    975
                ],
                "956": [
                    929,
                    957
                ],
                "957": [
                    956,
                    958
                ],
                "958": [
                    957,
                    959
                ],
                "959": [
                    958,
                    960
                ],
                "960": [
                    959,
                    961
                ],
                "961": [
                    960,
                    962
                ],
                "962": [
                    961,
                    963
                ],
                "963": [
                    962,
                    964
                ],
                "964": [
                    963,
                    965
                ],
                "965": [
                    964,
                    966
                ],
                "966": [
                    965,
                    967
                ],
                "967": [
                    966,
                    968
                ],
                "968": [
                    967,
                    969
                ],
                "969": [
                    968,
                    970
                ],
                "970": [
                    969,
                    971
                ],
                "971": [
                    998,
                    970
                ],
                "920": [
                    893,
                    921
                ],
                "921": [
                    920,
                    948
                ],
                "928": [
                    901,
                    929
                ],
                "929": [
                    928,
                    956
                ],
                "893": [
                    866,
                    920
                ],
                "900": [
                    873,
                    901
                ],
                "901": [
                    900,
                    928
                ],
                "866": [
                    839,
                    893
                ],
                "872": [
                    845,
                    873
                ],
                "873": [
                    872,
                    900
                ],
                "839": [
                    812,
                    866
                ],
                "845": [
                    818,
                    872
                ],
                "811": [
                    784,
                    812
                ],
                "812": [
                    811,
                    839
                ],
                "818": [
                    791,
                    845
                ],
                "784": [
                    757,
                    811
                ],
                "791": [
                    764,
                    818
                ],
                "757": [
                    730,
                    784
                ],
                "764": [
                    737,
                    791
                ],
                "730": [
                    703,
                    757
                ],
                "736": [
                    709,
                    737
                ],
                "737": [
                    736,
                    764
                ],
                "703": [
                    676,
                    730
                ],
                "709": [
                    682,
                    736
                ],
                "676": [
                    649,
                    703
                ],
                "682": [
                    655,
                    709
                ],
                "649": [
                    622,
                    676
                ],
                "655": [
                    628,
                    682
                ],
                "621": [
                    594,
                    622
                ],
                "622": [
                    621,
                    649
                ],
                "628": [
                    601,
                    655
                ],
                "594": [
                    567,
                    621
                ],
                "601": [
                    574,
                    628
                ],
                "567": [
                    540,
                    594
                ],
                "574": [
                    547,
                    601
                ],
                "540": [
                    513,
                    567
                ],
                "547": [
                    520,
                    574
                ],
                "513": [
                    486,
                    540
                ],
                "519": [
                    492,
                    520
                ],
                "520": [
                    519,
                    547
                ],
                "486": [
                    459,
                    513
                ],
                "492": [
                    465,
                    519
                ],
                "459": [
                    432,
                    486
                ],
                "465": [
                    438,
                    492
                ],
                "432": [
                    405,
                    459
                ],
                "438": [
                    411,
                    465
                ],
                "405": [
                    378,
                    432
                ],
                "411": [
                    384,
                    438
                ],
                "378": [
                    351,
                    405
                ],
                "384": [
                    357,
                    411
                ],
                "351": [
                    324,
                    378
                ],
                "357": [
                    330,
                    384
                ],
                "324": [
                    297,
                    351
                ],
                "330": [
                    303,
                    357
                ],
                "297": [
                    270,
                    324
                ],
                "303": [
                    276,
                    330
                ],
                "270": [
                    243,
                    297
                ],
                "276": [
                    249,
                    303
                ],
                "243": [
                    216,
                    270
                ],
                "249": [
                    222,
                    276
                ],
                "216": [
                    189,
                    243
                ],
                "222": [
                    195,
                    249
                ],
                "189": [
                    162,
                    216
                ],
                "195": [
                    168,
                    222
                ],
                "162": [
                    135,
                    189
                ],
                "168": [
                    141,
                    195
                ],
                "135": [
                    108,
                    162
                ],
                "141": [
                    114,
                    168
                ],
                "108": [
                    81,
                    135
                ],
                "114": [
                    87,
                    141
                ],
                "81": [
                    54,
                    108
                ],
                "87": [
                    60,
                    114
                ],
                "54": [
                    27,
                    81
                ],
                "60": [
                    33,
                    87
                ],
                "27": [
                    0,
                    54
                ],
                "33": [
                    6,
                    60
                ],
                "0": [
                    1,
                    27
                ],
                "1": [
                    0,
                    2
                ],
                "2": [
                    1,
                    3
                ],
                "3": [
                    2,
                    4
                ],
                "4": [
                    3,
                    5
                ],
                "5": [
                    4,
                    6
                ],
                "6": [
                    5,
                    33
                ]
            }
        }
    }
}