{
    "grid_width": 75,
    "grid_height": 10,
    "objects": {
        "ground": {
            "indices": [
                675,
                676,
                677,
                678,
                679,
                680,
                681,
                682,
                683,
                684,
                685,
                686,
                687,
                688,
                689,
                690,
                691,
                692,
                693,
                694,
                695,
                620,
                621,
                622,
                623,
                624,
                625,
                626,
                627,
                628,
                553,
                554,
                555,
                556,
                557,
                558,
                559,
                560,
                485,
                486,
                487,
                488,
                489,
                490,
                491,
                416,
                417,
                418,
                419,
                420,
                421,
                422,
                347,
                348,
                349,
                350,
                351,
                352,
                277,
                278,
                279,
                280,
                281,
                282,
                207,
                208,
                209,
                210,
                211,
                136,
                137,
                138,
                139,
                140,
                65,
                66,
                67,
                68,
                69,
                70,
                71,
                72,
                73,
                74
            ],
            "types": [
                5,
                5,
                5,
                5,
                5,
                5,
                5,
                5,
                5,
                5,
                5,
                5,
                5,
                5,
                5,
                5,
                5,
                5,
                5,
                5,
                5,
                5,
                5,
                5,
                5,
                5,
                5,
                5,
                5,
                5,
                5,
                5,
                5,
                5,
                5,
                5,
                5,
                5,
                5,
                5,
                5,
                5,
                5,
                5,
                5,
                5,
                5,
                5,
                5,
                5,
                5,
                5,
                5,
                5,
                5,
                5,
                5,
                5,
                5,
                5,
                5,
                5,
                5,
                5,
                5,
                5,
                5,
                5,
                5,
                5,
                5,
                5,
                5,
                5,
                5,
                5,
                5,
                5,
                5,
                5,
                5,
                5,
                5,
                5
            ],
            "neighbors": {
                "675": [
                    676
                ],
                "676": [
                    675,
                    677
                ],
                "677": [
                    676,
                    678
                ],
                "678": [
                    677,
                    679
                ],
                "679": [
                    678,
                    680
                ],
                "680": [
                    679,
                    681
                ],
                "681": [
                    680,
                    682
                ],
                "682": [
                    681,
                    683
                ],
                "683": [
                    682,
                    684
                ],
                "684": [
                    683,
                    685
                ],
                "685": [
                    684,
                    686
                ],
                "686": [
                    685,
                    687
                ],
                "687": [
                    686,
                    688
                ],
                "688": [
                    687,
                    689
                ],
                "689": [
                    688,
                    690
                ],
                "690": [
                    689,
                    691
                ],
                "691": [
                    690,
                    692
                ],
                "692": [
                    691,
                    693
                ],
                "693": [
                    692,
                    694
                ],
                "694": [
                    693,
                    695
                ],
                "695": [
                    694,
                    620
                ],
                "620": [
                    695,
                    621
                ],
                "621": [
                    620,
                    622
                ],
                "622": [
                    621,
                    623
                ],
                "623": [
                    622,
                    624
                ],
                "624": [
                    623,
                    625
                ],
                "625": [
                    624,
                    626
                ],
                "626": [
                    625,
                    627
                ],
                "627": [
                    626,
                    628
                ],
                "628": [
                    627,
                    553
                ],
                "553": [
                    628,
                    554
                ],
                "554": [
                    553,
                    555
                ],
                "555": [
                    554,
                    556
                ],
                "556": [
                    555,
                    557
                ],
                "557": [
                    556,
                    558
                ],
                "558": [
                    557,
                    559
                ],
                "559": [
                    558,
                    560
                ],
                "560": [
                    559,
                    485
                ],
                "485": [
                    560,
                    486
                ],
                "486": [
                    485,
                    487
                ],
                "487": [
                    486,
                    488
                ],
                "488": [
                    487,
                    489
                ],
                "489": [
                    488,
                    490
                ],
                "490": [
                    489,
                    491
                ],
                "491": [
                    490,
                    416
                ],
                "416": [
                    491,
                    417
                ],
                "417": [
                    416,
                    418
                ],
                "418": [
                    417,
                    419
                ],
                "419": [
                    418,
                    420
                ],
                "420": [
                    419,
                    421
                ],
                "421": [
                    420,
                    422
                ],
                "422": [
                    421,
                    347
                ],
                "347": [
                    422,
                    348
                ],
                "348": [
                    347,
                    349
                ],
                "349": [
                    348,
                    350
                ],
                "350": [
                    349,
                    351
                ],
                "351": [
                    350,
                    352
                ],
                "352": [
                    351,
                    277
                ],
                "277": [
                    352,
                    278
                ],
                "278": [
                    277,
                    279
                ],
                "279": [
                    278,
                    280
                ],
                "280": [
                    279,
                    281
                ],
                "281": [
                    280,
                    282
                ],
                "282": [
                    281,
                    207
                ],
                "207": [
                    282,
                    208
                ],
                "208": [
                    207,
                    209
                ],
                "209": [
                    208,
                    210
                ],
                "210": [
                    209,
                    211
                ],
                "211": [
                    210,
                    136
                ],
                "136": [
                    211,
                    137
                ],
                "137": [
                    136,
                    138
                ],
                "138": [
                    137,
                    139
                ],
                "139": [
                    138,
                    140
                ],
                "140": [
                    139,
                    65
                ],
                "65": [
                    140,
                    66
                ],
                "66": [
                    65,
                    67
                ],
                "67": [
                    66,
                    68
                ],
                "68": [
                    67,
                    69
                ],
                "69": [
                    68,
                    70
                ],
                "70": [
                    69,
                    71
                ],
                "71": [
                    70,
                    72
                ],
                "72": [
                    71,
                    73
                ],
                "73": [
                    72,
                    74
                ],
                "74": [
                    73
                ]
            }
        }
    }
}