{
    "grid_width": 80,
    "grid_height": 6,
    "objects": {
        "platform_1": {
            "indices": [
                400,
                401,
                402,
                403,
                404,
                405,
                406,
                407,
                408,
                409,
                410,
                411,
                412,
                413,
                414,
                415,
                416,
                417,
                418,
                419
            ],
            "types": [
                5,
                5,
                5,
                5,
                5,
                5,
                5,
                5,
                5,
                5,
                5,
                5,
                5,
                5,
                5,
                5,
                5,
                5,
                5,
                5
            ],
            "neighbors": {
                "400": [
                    401
                ],
                "401": [
                    400,
                    402
                ],
                "402": [
                    401,
                    403
                ],
                "403": [
                    402,
                    404
                ],
                "404": [
                    403,
                    405
                ],
                "405": [
                    404,
                    406
                ],
                "406": [
                    405,
                    407
                ],
                "407": [
                    406,
                    408
                ],
                "408": [
                    407,
                    409
                ],
                "409": [
                    408,
                    410
                ],
                "410": [
                    409,
                    411
                ],
                "411": [
                    410,
                    412
                ],
                "412": [
                    411,
                    413
                ],
                "413": [
                    412,
                    414
                ],
                "414": [
                    413,
                    415
                ],
                "415": [
                    414,
                    416
                ],
                "416": [
                    415,
                    417
                ],
                "417": [
                    416,
                    418
                ],
                "418": [
                    417,
                    419
                ],
                "419": [
                    418
                ]
            }
        },
        "platform_2": {
            "indices": [
                425,
                426,
                427,
                428,
                429,
                430,
                431,
                432,
                433,
                434
            ],
            "types": [
                5,
                5,
                5,
                5,
                5,
                5,
                5,
                5,
                5,
                5
            ],
            "neighbors": {
                "425": [
                    426
                ],
                "426": [
                    425,
                    427
                ],
                "427": [
                    426,
                    428
                ],
                "428": [
                    427,
                    429
                ],
                "429": [
                    428,
                    430
                ],
                "430": [
                    429,
                    431
                ],
                "431": [
                    430,
                    432
                ],
                "432": [
                    431,
                    433
                ],
                "433": [
                    432,
                    434
                ],
                "434": [
                    433
                ]
            }
        },
        "platform_3": {
            "indices": [
                440,
                441,
                442,
                443,
                444,
                445,
                446,
                447,
                448,
                449
            ],
            "types": [
                5,
                5,
                5,
                5,
                5,
                5,
                5,
                5,
                5,
                5
            ],
            "neighbors": {
                "440": [
                    441
                ],
                "441": [
                    440,
                    442
                ],
                "442": [
                    441,
                    443
                ],
                "443": [
                    442,
                    444
                ],
                "444": [
                    443,
                    445
                ],
                "445": [
                    444,
                    446
                ],
                "446": [
                    445,
                    447
                ],
                "447": [
                    446,
                    448
                ],
                "448": [
                    447,
                    449
                ],
                "449": [
                    448
                ]
            }
        },
        "platform_4": {
            "indices": [
                455,
                456,
                457,
                458,
                459,
                460,
                461,
                462,
                463,
                464
            ],
            "types": [
                5,
                5,
                5,
                5,
                5,
                5,
                5,
                5,
                5,
                5
            ],
            "neighbors": {
                "455": [
                    456
                ],
                "456": [
                    455,
                    457
                ],
                "457": [
                    456,
                    458
                ],
                "458": [
                    457,
                    459
                ],
                "459": [
                    458,
                    460
                ],
                "460": [
                    459,
                    461
                ],
                "461": [
                    460,
                    462
                ],
                "462": [
                    461,
                    463
                ],
                "463": [
                    462,
                    464
                ],
                "464": [
                    463
                ]
            }
        },
        "platform_5": {
            "indices": [
                470,
                471,
                472,
                473,
                474,
                475,
                476,
                477,
                478,
                479
            ],
            "types": [
                5,
                5,
                5,
                5,
                5,
                5,
                5,
                5,
                5,
                5
            ],
            "neighbors": {
                "470": [
                    471
                ],
                "471": [
                    470,
                    472
                ],
                "472": [
                    471,
                    473
                ],
                "473": [
                    472,
                    474
                ],
                "474": [
                    473,
                    475
                ],
                "475": [
                    474,
                    476
                ],
                "476": [
                    475,
                    477
                ],
                "477": [
                    476,
                    478
                ],
                "478": [
                    477,
                    479
                ],
                "479": [
                    478
                ]
            }
        }
    }
}