{
    "grid_width": 11,
    "grid_height": 5,
    "objects": {
        "ground": {
            "indices": [
                44,
                54,
                33,
                43,
                22,
                23,
                24,
                25,
                29,
                30,
                31,
                32,
                14,
                18,
                3,
                4,
                5,
                6,
                7
            ],
            "types": [
                5,
                5,
                5,
                5,
                5,
                5,
                5,
                5,
                5,
                5,
                5,
                5,
                5,
                5,
                5,
                5,
                5,
                5,
                5
            ],
            "neighbors": {
                "44": [
                    33
                ],
                "54": [
                    43
                ],
                "33": [
                    44,
                    22
                ],
                "43": [
                    54,
                    32
                ],
                "22": [
                    33,
                    23
                ],
                "23": [
                    22,
                    24
                ],
                "24": [
                    23,
                    25
                ],
                "25": [
                    24,
                    14
                ],
                "29": [
                    30,
                    18
                ],
                "30": [
                    31,
                    29
                ],
                "31": [
                    32,
                    30
                ],
                "32": [
                    43,
                    31
                ],
                "14": [
                    25,
                    3
                ],
                "18": [
                    29,
                    7
                ],
                "3": [
                    14,
                    4
                ],
                "4": [
                    3,
                    5
                ],
                "5": [
                    4,
                    6
                ],
                "6": [
                    5,
                    7
                ],
                "7": [
                    6,
                    18
                ]
            }
        },
        "package": {
            "indices": [
                27,
                16
            ],
            "types": [
                1,
                1
            ],
            "neighbors": {
                "27": [
                    16
                ],
                "16": [
                    27
                ]
            }
        }
    }
}