{
    "grid_width": 80,
    "grid_height": 3,
    "objects": {
        "ground": {
            "indices": [
                215,
                220,
                224,
                102,
                108,
                113,
                114,
                119,
                122,
                123,
                125,
                127,
                130,
                131,
                134,
                135,
                136,
                137,
                139,
                140,
                142,
                143,
                144,
                145,
                147,
                148,
                152,
                0,
                1,
                2,
                3,
                4,
                5,
                6,
                7,
                8,
                9,
                10,
                11,
                12,
                13,
                14,
                15,
                16,
                17,
                18,
                19,
                20,
                21,
                22,
                23,
                24,
                25,
                26,
                27,
                28,
                29,
                30,
                31,
                32,
                33,
                34,
                35,
                36,
                37,
                38,
                39,
                40,
                41,
                42,
                43,
                44,
                45,
                46,
                47,
                48,
                49,
                50,
                51,
                52,
                53,
                54,
                55,
                56,
                57,
                58,
                59,
                60,
                61,
                62,
                63,
                64,
                65,
                66,
                67,
                68,
                69,
                70,
                71,
                72,
                73,
                74,
                75,
                76,
                77,
                78,
                79
            ],
            "types": [
                5,
                5,
                5,
                5,
                5,
                5,
                5,
                5,
                5,
                5,
                5,
                5,
                5,
                5,
                5,
                5,
                5,
                5,
                5,
                5,
                5,
                5,
                5,
                5,
                5,
                5,
                5,
                5,
                5,
                5,
                5,
                5,
                5,
                5,
                5,
                5,
                5,
                5,
                5,
                5,
                5,
                5,
                5,
                5,
                5,
                5,
                5,
                5,
                5,
                5,
                5,
                5,
                5,
                5,
                5,
                5,
                5,
                5,
                5,
                5,
                5,
                5,
                5,
                5,
                5,
                5,
                5,
                5,
                5,
                5,
                5,
                5,
                5,
                5,
                5,
                5,
                5,
                5,
                5,
                5,
                5,
                5,
                5,
                5,
                5,
                5,
                5,
                5,
                5,
                5,
                5,
                5,
                5,
                5,
                5,
                5,
                5,
                5,
                5,
                5,
                5,
                5,
                5,
                5,
                5,
                5,
                5
            ],
            "neighbors": {
                "215": [
                    135
                ],
                "220": [
                    140
                ],
                "224": [
                    144
                ],
                "102": [
                    22
                ],
                "108": [
                    28
                ],
                "113": [
                    33,
                    114
                ],
                "114": [
                    113,
                    34
                ],
                "119": [
                    39
                ],
                "122": [
                    42,
                    123
                ],
                "123": [
                    122,
                    43
                ],
                "125": [
                    45
                ],
                "127": [
                    47
                ],
                "130": [
                    50,
                    131
                ],
                "131": [
                    130,
                    51
                ],
                "134": [
                    54,
                    135
                ],
                "135": [
                    134,
                    55,
                    136,
                    215
                ],
                "136": [
                    135,
                    56,
                    137
                ],
                "137": [
                    136,
                    57
                ],
                "139": [
                    59,
                    140
                ],
                "140": [
                    139,
                    60,
                    220
                ],
                "142": [
                    62,
                    143
                ],
                "143": [
                    142,
                    63,
                    144
                ],
                "144": [
                    143,
                    145,
                    64,
                    224
                ],
                "145": [
                    65,
                    144
                ],
                "147": [
                    67,
                    148
                ],
                "148": [
                    147,
                    68
                ],
                "152": [
                    72
                ],
                "0": [
                    1
                ],
                "1": [
                    0,
                    2
                ],
                "2": [
                    1,
                    3
                ],
                "3": [
                    2,
                    4
                ],
                "4": [
                    3,
                    5
                ],
                "5": [
                    4,
                    6
                ],
                "6": [
                    5,
                    7
                ],
                "7": [
                    6,
                    8
                ],
                "8": [
                    7,
                    9
                ],
                "9": [
                    8,
                    10
                ],
                "10": [
                    9,
                    11
                ],
                "11": [
                    10,
                    12
                ],
                "12": [
                    11,
                    13
                ],
                "13": [
                    12,
                    14
                ],
                "14": [
                    13,
                    15
                ],
                "15": [
                    14,
                    16
                ],
                "16": [
                    15,
                    17
                ],
                "17": [
                    16,
                    18
                ],
                "18": [
                    17,
                    19
                ],
                "19": [
                    18,
                    20
                ],
                "20": [
                    19,
                    21
                ],
                "21": [
                    20,
                    22
                ],
                "22": [
                    21,
                    23,
                    102
                ],
                "23": [
                    22,
                    24
                ],
                "24": [
                    23,
                    25
                ],
                "25": [
                    24,
                    26
                ],
                "26": [
                    25,
                    27
                ],
                "27": [
                    26,
                    28
                ],
                "28": [
                    27,
                    29,
                    108
                ],
                "29": [
                    28,
                    30
                ],
                "30": [
                    29,
                    31
                ],
                "31": [
                    30,
                    32
                ],
                "32": [
                    31,
                    33
                ],
                "33": [
                    32,
                    34,
                    113
                ],
                "34": [
                    33,
                    35,
                    114
                ],
                "35": [
                    34,
                    36
                ],
                "36": [
                    35,
                    37
                ],
                "37": [
                    36,
                    38
                ],
                "38": [
                    37,
                    39
                ],
                "39": [
                    38,
                    40,
                    119
                ],
                "40": [
                    39,
                    41
                ],
                "41": [
                    40,
                    42
                ],
                "42": [
                    41,
                    43,
                    122
                ],
                "43": [
                    42,
                    44,
                    123
                ],
                "44": [
                    43,
                    45
                ],
                "45": [
                    44,
                    46,
                    125
                ],
                "46": [
                    45,
                    47
                ],
                "47": [
                    46,
                    48,
                    127
                ],
                "48": [
                    47,
                    49
                ],
                "49": [
                    48,
                    50
                ],
                "50": [
                    49,
                    51,
                    130
                ],
                "51": [
                    50,
                    52,
                    131
                ],
                "52": [
                    51,
                    53
                ],
                "53": [
                    52,
                    54
                ],
                "54": [
                    53,
                    55,
                    134
                ],
                "55": [
                    54,
                    56,
                    135
                ],
                "56": [
                    55,
                    57,
                    136
                ],
                "57": [
                    56,
                    58,
                    137
                ],
                "58": [
                    57,
                    59
                ],
                "59": [
                    58,
                    60,
                    139
                ],
                "60": [
                    59,
                    61,
                    140
                ],
                "61": [
                    60,
                    62
                ],
                "62": [
                    61,
                    63,
                    142
                ],
                "63": [
                    62,
                    64,
                    143
                ],
                "64": [
                    63,
                    65,
                    144
                ],
                "65": [
                    64,
                    66,
                    145
                ],
                "66": [
                    65,
                    67
                ],
                "67": [
                    66,
                    68,
                    147
                ],
                "68": [
                    67,
                    69,
                    148
                ],
                "69": [
                    68,
                    70
                ],
                "70": [
                    69,
                    71
                ],
                "71": [
                    70,
                    72
                ],
                "72": [
                    71,
                    73,
                    152
                ],
                "73": [
                    72,
                    74
                ],
                "74": [
                    73,
                    75
                ],
                "75": [
                    74,
                    76
                ],
                "76": [
                    75,
                    77
                ],
                "77": [
                    76,
                    78
                ],
                "78": [
                    77,
                    79
                ],
                "79": [
                    78
                ]
            }
        }
    }
}