{
    "grid_width": 60,
    "grid_height": 10,
    "objects": {
        "ground": {
            "indices": [
                598,
                599,
                538,
                539,
                478,
                479,
                418,
                419,
                358,
                359,
                284,
                298,
                299,
                182,
                184,
                198,
                203,
                212,
                213,
                216,
                218,
                219,
                220,
                223,
                224,
                225,
                227,
                229,
                234,
                238,
                239,
                120,
                121,
                122,
                123,
                124,
                125,
                126,
                127,
                129,
                132,
                133,
                137,
                138,
                139,
                141,
                142,
                143,
                144,
                146,
                148,
                149,
                151,
                152,
                153,
                155,
                156,
                157,
                158,
                159,
                160,
                162,
                163,
                164,
                165,
                166,
                167,
                168,
                169,
                170,
                173,
                174,
                175,
                177,
                178,
                179,
                60,
                61,
                62,
                63,
                64,
                65,
                66,
                67,
                68,
                69,
                70,
                71,
                72,
                73,
                74,
                75,
                77,
                78,
                79,
                80,
                81,
                82,
                83,
                84,
                85,
                86,
                87,
                88,
                89,
                90,
                91,
                92,
                93,
                94,
                95,
                96,
                97,
                98,
                99,
                100,
                101,
                102,
                103,
                104,
                105,
                106,
                107,
                108,
                109,
                110,
                111,
                112,
                113,
                114,
                115,
                116,
                117,
                118,
                119,
                0,
                1,
                2,
                3,
                4,
                5,
                6,
                7,
                8,
                9,
                10,
                11,
                12,
                13,
                14,
                15,
                16,
                17,
                18,
                19,
                20,
                21,
                22,
                23,
                24,
                25,
                26,
                27,
                28,
                29,
                30,
                31,
                32,
                33,
                34,
                35,
                36,
                37,
                38,
                39,
                40,
                41,
                42,
                43,
                44,
                45,
                46,
                47,
                48,
                49,
                50,
                51,
                52,
                53,
                54,
                55,
                56,
                57,
                58,
                59
            ],
            "types": [
                5,
                5,
                5,
                5,
                5,
                5,
                5,
                5,
                5,
                5,
                5,
                5,
                5,
                5,
                5,
                5,
                5,
                5,
                5,
                5,
                5,
                5,
                5,
                5,
                5,
                5,
                5,
                5,
                5,
                5,
                5,
                5,
                5,
                5,
                5,
                5,
                5,
                5,
                5,
                5,
                5,
                5,
                5,
                5,
                5,
                5,
                5,
                5,
                5,
                5,
                5,
                5,
                5,
                5,
                5,
                5,
                5,
                5,
                5,
                5,
                5,
                5,
                5,
                5,
                5,
                5,
                5,
                5,
                5,
                5,
                5,
                5,
                5,
                5,
                5,
                5,
                5,
                5,
                5,
                5,
                5,
                5,
                5,
                5,
                5,
                5,
                5,
                5,
                5,
                5,
                5,
                5,
                5,
                5,
                5,
                5,
                5,
                5,
                5,
                5,
                5,
                5,
                5,
                5,
                5,
                5,
                5,
                5,
                5,
                5,
                5,
                5,
                5,
                5,
                5,
                5,
                5,
                5,
                5,
                5,
                5,
                5,
                5,
                5,
                5,
                5,
                5,
                5,
                5,
                5,
                5,
                5,
                5,
                5,
                5,
                5,
                5,
                5,
                5,
                5,
                5,
                5,
                5,
                5,
                5,
                5,
                5,
                5,
                5,
                5,
                5,
                5,
                5,
                5,
                5,
                5,
                5,
                5,
                5,
                5,
                5,
                5,
                5,
                5,
                5,
                5,
                5,
                5,
                5,
                5,
                5,
                5,
                5,
                5,
                5,
                5,
                5,
                5,
                5,
                5,
                5,
                5,
                5,
                5,
                5,
                5,
                5,
                5,
                5,
                5,
                5,
                5,
                5,
                5,
                5
            ],
            "neighbors": {
                "598": [
                    538,
                    599
                ],
                "599": [
                    598,
                    539
                ],
                "538": [
                    598,
                    478,
                    539
                ],
                "539": [
                    538,
                    479,
                    599
                ],
                "478": [
                    538,
                    418,
                    479
                ],
                "479": [
                    478,
                    419,
                    539
                ],
                "418": [
                    478,
                    358,
                    419
                ],
                "419": [
                    418,
                    359,
                    479
                ],
                "358": [
                    418,
                    298,
                    359
                ],
                "359": [
                    358,
                    299,
                    419
                ],
                "284": [
                    224
                ],
                "298": [
                    358,
                    238,
                    299
                ],
                "299": [
                    298,
                    239,
                    359
                ],
                "182": [
                    122
                ],
                "184": [
                    124
                ],
                "198": [
                    138
                ],
                "203": [
                    143
                ],
                "212": [
                    152,
                    213
                ],
                "213": [
                    212,
                    153
                ],
                "216": [
                    156
                ],
                "218": [
                    158,
                    219
                ],
                "219": [
                    218,
                    159,
                    220
                ],
                "220": [
                    219,
                    160
                ],
                "223": [
                    163,
                    224
                ],
                "224": [
                    223,
                    164,
                    225,
                    284
                ],
                "225": [
                    224,
                    165
                ],
                "227": [
                    167
                ],
                "229": [
                    169
                ],
                "234": [
                    174
                ],
                "238": [
                    298,
                    178,
                    239
                ],
                "239": [
                    238,
                    179,
                    299
                ],
                "120": [
                    121,
                    60
                ],
                "121": [
                    122,
                    61,
                    120
                ],
                "122": [
                    123,
                    62,
                    121,
                    182
                ],
                "123": [
                    124,
                    63,
                    122
                ],
                "124": [
                    125,
                    64,
                    123,
                    184
                ],
                "125": [
                    126,
                    65,
                    124
                ],
                "126": [
                    127,
                    66,
                    125
                ],
                "127": [
                    67,
                    126
                ],
                "129": [
                    69
                ],
                "132": [
                    133,
                    72
                ],
                "133": [
                    73,
                    132
                ],
                "137": [
                    138,
                    77
                ],
                "138": [
                    139,
                    78,
                    137,
                    198
                ],
                "139": [
                    79,
                    138
                ],
                "141": [
                    142,
                    81
                ],
                "142": [
                    143,
                    82,
                    141
                ],
                "143": [
                    144,
                    83,
                    142,
                    203
                ],
                "144": [
                    84,
                    143
                ],
                "146": [
                    86
                ],
                "148": [
                    149,
                    88
                ],
                "149": [
                    89,
                    148
                ],
                "151": [
                    152,
                    91
                ],
                "152": [
                    153,
                    92,
                    151,
                    212
                ],
                "153": [
                    93,
                    152,
                    213
                ],
                "155": [
                    156,
                    95
                ],
                "156": [
                    96,
                    155,
                    157,
                    216
                ],
                "157": [
                    156,
                    158,
                    97
                ],
                "158": [
                    159,
                    98,
                    157,
                    218
                ],
                "159": [
                    160,
                    99,
                    158,
                    219
                ],
                "160": [
                    100,
                    159,
                    220
                ],
                "162": [
                    163,
                    102
                ],
                "163": [
                    164,
                    103,
                    162,
                    223
                ],
                "164": [
                    165,
                    104,
                    163,
                    224
                ],
                "165": [
                    166,
                    105,
                    164,
                    225
                ],
                "166": [
                    167,
                    106,
                    165
                ],
                "167": [
                    107,
                    168,
                    166,
                    227
                ],
                "168": [
                    167,
                    169,
                    108
                ],
                "169": [
                    168,
                    170,
                    109,
                    229
                ],
                "170": [
                    169,
                    110
                ],
                "173": [
                    174,
                    113
                ],
                "174": [
                    175,
                    114,
                    173,
                    234
                ],
                "175": [
                    115,
                    174
                ],
                "177": [
                    178,
                    117
                ],
                "178": [
                    179,
                    118,
                    177,
                    238
                ],
                "179": [
                    119,
                    178,
                    239
                ],
                "60": [
                    0,
                    61,
                    120
                ],
                "61": [
                    60,
                    1,
                    62,
                    121
                ],
                "62": [
                    61,
                    2,
                    63,
                    122
                ],
                "63": [
                    62,
                    3,
                    64,
                    123
                ],
                "64": [
                    63,
                    4,
                    65,
                    124
                ],
                "65": [
                    64,
                    5,
                    66,
                    125
                ],
                "66": [
                    65,
                    6,
                    67,
                    126
                ],
                "67": [
                    66,
                    7,
                    68,
                    127
                ],
                "68": [
                    67,
                    8,
                    69
                ],
                "69": [
                    68,
                    9,
                    70,
                    129
                ],
                "70": [
                    69,
                    10,
                    71
                ],
                "71": [
                    70,
                    11,
                    72
                ],
                "72": [
                    71,
                    12,
                    73,
                    132
                ],
                "73": [
                    72,
                    13,
                    74,
                    133
                ],
                "74": [
                    73,
                    14,
                    75
                ],
                "75": [
                    74,
                    15
                ],
                "77": [
                    17,
                    78,
                    137
                ],
                "78": [
                    77,
                    18,
                    79,
                    138
                ],
                "79": [
                    78,
                    19,
                    80,
                    139
                ],
                "80": [
                    79,
                    20,
                    81
                ],
                "81": [
                    80,
                    82,
                    21,
                    141
                ],
                "82": [
                    22,
                    81,
                    83,
                    142
                ],
                "83": [
                    82,
                    23,
                    84,
                    143
                ],
                "84": [
                    83,
                    24,
                    85,
                    144
                ],
                "85": [
                    84,
                    25,
                    86
                ],
                "86": [
                    85,
                    26,
                    87,
                    146
                ],
                "87": [
                    86,
                    88,
                    27
                ],
                "88": [
                    28,
                    87,
                    89,
                    148
                ],
                "89": [
                    88,
                    29,
                    90,
                    149
                ],
                "90": [
                    89,
                    30,
                    91
                ],
                "91": [
                    90,
                    31,
                    92,
                    151
                ],
                "92": [
                    91,
                    93,
                    32,
                    152
                ],
                "93": [
                    33,
                    94,
                    92,
                    153
                ],
                "94": [
                    93,
                    34,
                    95
                ],
                "95": [
                    94,
                    35,
                    96,
                    155
                ],
                "96": [
                    95,
                    36,
                    97,
                    156
                ],
                "97": [
                    96,
                    37,
                    98,
                    157
                ],
                "98": [
                    97,
                    99,
                    38,
                    158
                ],
                "99": [
                    39,
                    98,
                    100,
                    159
                ],
                "100": [
                    99,
                    40,
                    101,
                    160
                ],
                "101": [
                    100,
                    102,
                    41
                ],
                "102": [
                    42,
                    103,
                    101,
                    162
                ],
                "103": [
                    102,
                    43,
                    104,
                    163
                ],
                "104": [
                    103,
                    105,
                    44,
                    164
                ],
                "105": [
                    45,
                    104,
                    106,
                    165
                ],
                "106": [
                    105,
                    107,
                    46,
                    166
                ],
                "107": [
                    47,
                    106,
                    167,
                    108
                ],
                "108": [
                    107,
                    109,
                    168,
                    48
                ],
                "109": [
                    110,
                    169,
                    49,
                    108
                ],
                "110": [
                    50,
                    111,
                    170,
                    109
                ],
                "111": [
                    110,
                    51,
                    112
                ],
                "112": [
                    111,
                    52,
                    113
                ],
                "113": [
                    112,
                    114,
                    53,
                    173
                ],
                "114": [
                    54,
                    115,
                    113,
                    174
                ],
                "115": [
                    114,
                    55,
                    116,
                    175
                ],
                "116": [
                    115,
                    56,
                    117
                ],
                "117": [
                    116,
                    57,
                    118,
                    177
                ],
                "118": [
                    117,
                    119,
                    58,
                    178
                ],
                "119": [
                    59,
                    118,
                    179
                ],
                "0": [
                    1,
                    60
                ],
                "1": [
                    0,
                    2,
                    61
                ],
                "2": [
                    1,
                    3,
                    62
                ],
                "3": [
                    2,
                    4,
                    63
                ],
                "4": [
                    3,
                    5,
                    64
                ],
                "5": [
                    4,
                    6,
                    65
                ],
                "6": [
                    5,
                    7,
                    66
                ],
                "7": [
                    6,
                    8,
                    67
                ],
                "8": [
                    7,
                    9,
                    68
                ],
                "9": [
                    8,
                    10,
                    69
                ],
                "10": [
                    9,
                    11,
                    70
                ],
                "11": [
                    10,
                    12,
                    71
                ],
                "12": [
                    11,
                    13,
                    72
                ],
                "13": [
                    12,
                    14,
                    73
                ],
                "14": [
                    13,
                    15,
                    74
                ],
                "15": [
                    14,
                    16,
                    75
                ],
                "16": [
                    15,
                    17
                ],
                "17": [
                    16,
                    18,
                    77
                ],
                "18": [
                    17,
                    19,
                    78
                ],
                "19": [
                    18,
                    20,
                    79
                ],
                "20": [
                    19,
                    21,
                    80
                ],
                "21": [
                    20,
                    22,
                    81
                ],
                "22": [
                    21,
                    23,
                    82
                ],
                "23": [
                    22,
                    24,
                    83
                ],
                "24": [
                    23,
                    25,
                    84
                ],
                "25": [
                    24,
                    26,
                    85
                ],
                "26": [
                    25,
                    27,
                    86
                ],
                "27": [
                    26,
                    28,
                    87
                ],
                "28": [
                    27,
                    29,
                    88
                ],
                "29": [
                    28,
                    30,
                    89
                ],
                "30": [
                    29,
                    31,
                    90
                ],
                "31": [
                    30,
                    32,
                    91
                ],
                "32": [
                    31,
                    33,
                    92
                ],
                "33": [
                    32,
                    34,
                    93
                ],
                "34": [
                    33,
                    35,
                    94
                ],
                "35": [
                    34,
                    36,
                    95
                ],
                "36": [
                    35,
                    37,
                    96
                ],
                "37": [
                    36,
                    38,
                    97
                ],
                "38": [
                    37,
                    39,
                    98
                ],
                "39": [
                    38,
                    40,
                    99
                ],
                "40": [
                    39,
                    41,
                    100
                ],
                "41": [
                    40,
                    42,
                    101
                ],
                "42": [
                    41,
                    43,
                    102
                ],
                "43": [
                    42,
                    44,
                    103
                ],
                "44": [
                    43,
                    45,
                    104
                ],
                "45": [
                    44,
                    46,
                    105
                ],
                "46": [
                    45,
                    47,
                    106
                ],
                "47": [
                    46,
                    48,
                    107
                ],
                "48": [
                    47,
                    49,
                    108
                ],
                "49": [
                    48,
                    50,
                    109
                ],
                "50": [
                    49,
                    51,
                    110
                ],
                "51": [
                    50,
                    52,
                    111
                ],
                "52": [
                    51,
                    53,
                    112
                ],
                "53": [
                    52,
                    54,
                    113
                ],
                "54": [
                    53,
                    55,
                    114
                ],
                "55": [
                    54,
                    56,
                    115
                ],
                "56": [
                    55,
                    57,
                    116
                ],
                "57": [
                    56,
                    58,
                    117
                ],
                "58": [
                    57,
                    59,
                    118
                ],
                "59": [
                    58,
                    119
                ]
            }
        }
    }
}