{
    "grid_width": 5,
    "grid_height": 1,
    "objects": {
        "peg": {
            "indices": [
                0,
                1,
                2,
                3,
                4
            ],
            "types": [
                5,
                5,
                5,
                5,
                5
            ],
            "neighbors": {
                "0": [
                    1
                ],
                "1": [
                    0,
                    2
                ],
                "2": [
                    1,
                    3
                ],
                "3": [
                    2,
                    4
                ],
                "4": [
                    3
                ]
            }
        }
    }
}