{
    "grid_width": 91,
    "grid_height": 9,
    "objects": {
        "platform_3": {
            "indices": [
                761,
                762,
                763,
                764,
                765,
                766,
                767,
                768,
                769,
                770
            ],
            "types": [
                5,
                5,
                5,
                5,
                5,
                5,
                5,
                5,
                5,
                5
            ],
            "neighbors": {
                "761": [
                    762
                ],
                "762": [
                    761,
                    763
                ],
                "763": [
                    762,
                    764
                ],
                "764": [
                    763,
                    765
                ],
                "765": [
                    764,
                    766
                ],
                "766": [
                    765,
                    767
                ],
                "767": [
                    766,
                    768
                ],
                "768": [
                    767,
                    769
                ],
                "769": [
                    768,
                    770
                ],
                "770": [
                    769
                ]
            }
        },
        "platform_2": {
            "indices": [
                658,
                659,
                660,
                661,
                662,
                663,
                664,
                665,
                666,
                667
            ],
            "types": [
                5,
                5,
                5,
                5,
                5,
                5,
                5,
                5,
                5,
                5
            ],
            "neighbors": {
                "658": [
                    659
                ],
                "659": [
                    658,
                    660
                ],
                "660": [
                    659,
                    661
                ],
                "661": [
                    660,
                    662
                ],
                "662": [
                    661,
                    663
                ],
                "663": [
                    662,
                    664
                ],
                "664": [
                    663,
                    665
                ],
                "665": [
                    664,
                    666
                ],
                "666": [
                    665,
                    667
                ],
                "667": [
                    666
                ]
            }
        },
        "platform_4": {
            "indices": [
                592,
                593,
                594,
                595,
                596,
                597,
                598,
                599,
                600,
                601
            ],
            "types": [
                5,
                5,
                5,
                5,
                5,
                5,
                5,
                5,
                5,
                5
            ],
            "neighbors": {
                "592": [
                    593
                ],
                "593": [
                    592,
                    594
                ],
                "594": [
                    593,
                    595
                ],
                "595": [
                    594,
                    596
                ],
                "596": [
                    595,
                    597
                ],
                "597": [
                    596,
                    598
                ],
                "598": [
                    597,
                    599
                ],
                "599": [
                    598,
                    600
                ],
                "600": [
                    599,
                    601
                ],
                "601": [
                    600
                ]
            }
        },
        "platform_6": {
            "indices": [
                616,
                617,
                618,
                619,
                620,
                621,
                622,
                623,
                624,
                625
            ],
            "types": [
                5,
                5,
                5,
                5,
                5,
                5,
                5,
                5,
                5,
                5
            ],
            "neighbors": {
                "616": [
                    617
                ],
                "617": [
                    616,
                    618
                ],
                "618": [
                    617,
                    619
                ],
                "619": [
                    618,
                    620
                ],
                "620": [
                    619,
                    621
                ],
                "621": [
                    620,
                    622
                ],
                "622": [
                    621,
                    623
                ],
                "623": [
                    622,
                    624
                ],
                "624": [
                    623,
                    625
                ],
                "625": [
                    624
                ]
            }
        },
        "platform_1": {
            "indices": [
                455,
                456,
                457,
                458,
                459,
                460,
                461,
                462,
                463,
                464,
                465,
                466,
                467,
                468,
                469,
                470,
                471,
                472,
                473,
                474
            ],
            "types": [
                5,
                5,
                5,
                5,
                5,
                5,
                5,
                5,
                5,
                5,
                5,
                5,
                5,
                5,
                5,
                5,
                5,
                5,
                5,
                5
            ],
            "neighbors": {
                "455": [
                    456
                ],
                "456": [
                    455,
                    457
                ],
                "457": [
                    456,
                    458
                ],
                "458": [
                    457,
                    459
                ],
                "459": [
                    458,
                    460
                ],
                "460": [
                    459,
                    461
                ],
                "461": [
                    460,
                    462
                ],
                "462": [
                    461,
                    463
                ],
                "463": [
                    462,
                    464
                ],
                "464": [
                    463,
                    465
                ],
                "465": [
                    464,
                    466
                ],
                "466": [
                    465,
                    467
                ],
                "467": [
                    466,
                    468
                ],
                "468": [
                    467,
                    469
                ],
                "469": [
                    468,
                    470
                ],
                "470": [
                    469,
                    471
                ],
                "471": [
                    470,
                    472
                ],
                "472": [
                    471,
                    473
                ],
                "473": [
                    472,
                    474
                ],
                "474": [
                    473
                ]
            }
        },
        "platform_5": {
            "indices": [
                512,
                513,
                514,
                515,
                516,
                517,
                518,
                519,
                520,
                521
            ],
            "types": [
                5,
                5,
                5,
                5,
                5,
                5,
                5,
                5,
                5,
                5
            ],
            "neighbors": {
                "512": [
                    513
                ],
                "513": [
                    512,
                    514
                ],
                "514": [
                    513,
                    515
                ],
                "515": [
                    514,
                    516
                ],
                "516": [
                    515,
                    517
                ],
                "517": [
                    516,
                    518
                ],
                "518": [
                    517,
                    519
                ],
                "519": [
                    518,
                    520
                ],
                "520": [
                    519,
                    521
                ],
                "521": [
                    520
                ]
            }
        },
        "platform_7": {
            "indices": [
                354,
                355,
                356,
                357,
                358,
                359,
                360,
                361,
                362,
                363
            ],
            "types": [
                5,
                5,
                5,
                5,
                5,
                5,
                5,
                5,
                5,
                5
            ],
            "neighbors": {
                "354": [
                    355
                ],
                "355": [
                    354,
                    356
                ],
                "356": [
                    355,
                    357
                ],
                "357": [
                    356,
                    358
                ],
                "358": [
                    357,
                    359
                ],
                "359": [
                    358,
                    360
                ],
                "360": [
                    359,
                    361
                ],
                "361": [
                    360,
                    362
                ],
                "362": [
                    361,
                    363
                ],
                "363": [
                    362
                ]
            }
        }
    }
}