{
    "grid_width": 2,
    "grid_height": 2,
    "objects": {
        "new_object_2": {
            "indices": [
                2,
                3,
                0,
                1
            ],
            "types": [
                1,
                1,
                1,
                1
            ],
            "neighbors": {
                "2": [
                    3,
                    0
                ],
                "3": [
                    2,
                    1
                ],
                "0": [
                    1,
                    2
                ],
                "1": [
                    3,
                    0
                ]
            }
        }
    }
}