{
    "grid_width": 3,
    "grid_height": 3,
    "objects": {
        "new_object_3": {
            "indices": [
                6,
                7,
                8,
                3,
                4,
                5,
                0,
                1,
                2
            ],
            "types": [
                1,
                1,
                1,
                1,
                1,
                1,
                1,
                1,
                1
            ],
            "neighbors": {
                "6": [
                    7,
                    3
                ],
                "7": [
                    6,
                    8,
                    4
                ],
                "8": [
                    7,
                    5
                ],
                "3": [
                    6,
                    0,
                    4
                ],
                "4": [
                    3,
                    5,
                    7,
                    1
                ],
                "5": [
                    8,
                    2,
                    4
                ],
                "0": [
                    1,
                    3
                ],
                "1": [
                    2,
                    0,
                    4
                ],
                "2": [
                    5,
                    1
                ]
            }
        }
    }
}