{
    "grid_width": 20,
    "grid_height": 10,
    "objects": {
        "new_object_4": {
            "indices": [
                180,
                181,
                198,
                199,
                160,
                161,
                178,
                179,
                140,
                141,
                158,
                159,
                120,
                121,
                138,
                139,
                100,
                101,
                118,
                119,
                80,
                81,
                98,
                99,
                60,
                61,
                78,
                79,
                40,
                41,
                58,
                59,
                20,
                21,
                38,
                39,
                0,
                1,
                2,
                3,
                4,
                5,
                6,
                7,
                8,
                9,
                10,
                11,
                12,
                13,
                14,
                15,
                16,
                17,
                18,
                19
            ],
            "types": [
                5,
                5,
                5,
                5,
                5,
                5,
                5,
                5,
                5,
                5,
                5,
                5,
                5,
                5,
                5,
                5,
                5,
                5,
                5,
                5,
                5,
                5,
                5,
                5,
                5,
                5,
                5,
                5,
                5,
                5,
                5,
                5,
                5,
                5,
                5,
                5,
                5,
                5,
                5,
                5,
                5,
                5,
                5,
                5,
                5,
                5,
                5,
                5,
                5,
                5,
                5,
                5,
                5,
                5,
                5,
                5
            ],
            "neighbors": {
                "180": [
                    160,
                    181
                ],
                "181": [
                    180,
                    161
                ],
                "198": [
                    199,
                    178
                ],
                "199": [
                    179,
                    198
                ],
                "160": [
                    180,
                    140,
                    161
                ],
                "161": [
                    160,
                    181,
                    141
                ],
                "178": [
                    179,
                    158,
                    198
                ],
                "179": [
                    199,
                    159,
                    178
                ],
                "140": [
                    160,
                    120,
                    141
                ],
                "141": [
                    140,
                    161,
                    121
                ],
                "158": [
                    159,
                    138,
                    178
                ],
                "159": [
                    179,
                    139,
                    158
                ],
                "120": [
                    140,
                    100,
                    121
                ],
                "121": [
                    120,
                    141,
                    101
                ],
                "138": [
                    139,
                    118,
                    158
                ],
                "139": [
                    159,
                    119,
                    138
                ],
                "100": [
                    80,
                    120,
                    101
                ],
                "101": [
                    100,
                    121,
                    81
                ],
                "118": [
                    119,
                    98,
                    138
                ],
                "119": [
                    139,
                    99,
                    118
                ],
                "80": [
                    60,
                    100,
                    81
                ],
                "81": [
                    80,
                    101,
                    61
                ],
                "98": [
                    99,
                    78,
                    118
                ],
                "99": [
                    119,
                    79,
                    98
                ],
                "60": [
                    80,
                    40,
                    61
                ],
                "61": [
                    60,
                    81,
                    41
                ],
                "78": [
                    79,
                    58,
                    98
                ],
                "79": [
                    99,
                    59,
                    78
                ],
                "40": [
                    60,
                    20,
                    41
                ],
                "41": [
                    40,
                    61,
                    21
                ],
                "58": [
                    59,
                    38,
                    78
                ],
                "59": [
                    79,
                    39,
                    58
                ],
                "20": [
                    40,
                    0,
                    21
                ],
                "21": [
                    20,
                    41,
                    1
                ],
                "38": [
                    39,
                    18,
                    58
                ],
                "39": [
                    59,
                    19,
                    38
                ],
                "0": [
                    1,
                    20
                ],
                "1": [
                    0,
                    2,
                    21
                ],
                "2": [
                    1,
                    3
                ],
                "3": [
                    2,
                    4
                ],
                "4": [
                    3,
                    5
                ],
                "5": [
                    4,
                    6
                ],
                "6": [
                    5,
                    7
                ],
                "7": [
                    8,
                    6
                ],
                "8": [
                    7,
                    9
                ],
                "9": [
                    8,
                    10
                ],
                "10": [
                    9,
                    11
                ],
                "11": [
                    10,
                    12
                ],
                "12": [
                    11,
                    13
                ],
                "13": [
                    12,
                    14
                ],
                "14": [
                    13,
                    15
                ],
                "15": [
                    14,
                    16
                ],
                "16": [
                    15,
                    17
                ],
                "17": [
                    16,
                    18
                ],
                "18": [
                    17,
                    19,
                    38
                ],
                "19": [
                    18,
                    39
                ]
            }
        }
    }
}