{
    "grid_width": 70,
    "grid_height": 10,
    "objects": {
        "ground": {
            "indices": [
                669,
                699,
                599,
                629,
                518,
                529,
                559,
                443,
                448,
                459,
                489,
                373,
                378,
                389,
                419,
                298,
                303,
                308,
                319,
                349,
                224,
                228,
                233,
                238,
                249,
                279,
                150,
                154,
                158,
                163,
                168,
                179,
                209,
                80,
                84,
                88,
                93,
                98,
                109,
                139,
                0,
                1,
                2,
                3,
                4,
                5,
                6,
                7,
                8,
                9,
                10,
                11,
                12,
                13,
                14,
                15,
                16,
                17,
                18,
                19,
                20,
                21,
                22,
                23,
                24,
                25,
                26,
                27,
                28,
                29,
                30,
                31,
                32,
                33,
                34,
                35,
                36,
                37,
                38,
                39,
                40,
                41,
                42,
                43,
                44,
                45,
                46,
                47,
                48,
                49,
                50,
                51,
                52,
                53,
                54,
                55,
                56,
                57,
                58,
                59,
                60,
                61,
                62,
                63,
                64,
                65,
                66,
                67,
                68,
                69
            ],
            "types": [
                5,
                5,
                5,
                5,
                5,
                5,
                5,
                5,
                5,
                5,
                5,
                5,
                5,
                5,
                5,
                5,
                5,
                5,
                5,
                5,
                5,
                5,
                5,
                5,
                5,
                5,
                5,
                5,
                5,
                5,
                5,
                5,
                5,
                5,
                5,
                5,
                5,
                5,
                5,
                5,
                5,
                5,
                5,
                5,
                5,
                5,
                5,
                5,
                5,
                5,
                5,
                5,
                5,
                5,
                5,
                5,
                5,
                5,
                5,
                5,
                5,
                5,
                5,
                5,
                5,
                5,
                5,
                5,
                5,
                5,
                5,
                5,
                5,
                5,
                5,
                5,
                5,
                5,
                5,
                5,
                5,
                5,
                5,
                5,
                5,
                5,
                5,
                5,
                5,
                5,
                5,
                5,
                5,
                5,
                5,
                5,
                5,
                5,
                5,
                5,
                5,
                5,
                5,
                5,
                5,
                5,
                5,
                5,
                5,
                5
            ],
            "neighbors": {
                "669": [
                    599
                ],
                "699": [
                    629
                ],
                "599": [
                    529,
                    669
                ],
                "629": [
                    699,
                    559
                ],
                "518": [
                    448
                ],
                "529": [
                    459,
                    599
                ],
                "559": [
                    629,
                    489
                ],
                "443": [
                    373
                ],
                "448": [
                    378,
                    518
                ],
                "459": [
                    389,
                    529
                ],
                "489": [
                    559,
                    419
                ],
                "373": [
                    303,
                    443
                ],
                "378": [
                    308,
                    448
                ],
                "389": [
                    319,
                    459
                ],
                "419": [
                    489,
                    349
                ],
                "298": [
                    228
                ],
                "303": [
                    233,
                    373
                ],
                "308": [
                    238,
                    378
                ],
                "319": [
                    249,
                    389
                ],
                "349": [
                    419,
                    279
                ],
                "224": [
                    154
                ],
                "228": [
                    158,
                    298
                ],
                "233": [
                    163,
                    303
                ],
                "238": [
                    168,
                    308
                ],
                "249": [
                    179,
                    319
                ],
                "279": [
                    349,
                    209
                ],
                "150": [
                    80
                ],
                "154": [
                    84,
                    224
                ],
                "158": [
                    88,
                    228
                ],
                "163": [
                    93,
                    233
                ],
                "168": [
                    98,
                    238
                ],
                "179": [
                    109,
                    249
                ],
                "209": [
                    279,
                    139
                ],
                "80": [
                    10,
                    150
                ],
                "84": [
                    14,
                    154
                ],
                "88": [
                    18,
                    158
                ],
                "93": [
                    23,
                    163
                ],
                "98": [
                    28,
                    168
                ],
                "109": [
                    39,
                    179
                ],
                "139": [
                    209,
                    69
                ],
                "0": [
                    1
                ],
                "1": [
                    0,
                    2
                ],
                "2": [
                    1,
                    3
                ],
                "3": [
                    2,
                    4
                ],
                "4": [
                    3,
                    5
                ],
                "5": [
                    4,
                    6
                ],
                "6": [
                    5,
                    7
                ],
                "7": [
                    8,
                    6
                ],
                "8": [
                    9,
                    7
                ],
                "9": [
                    10,
                    8
                ],
                "10": [
                    11,
                    9,
                    80
                ],
                "11": [
                    12,
                    10
                ],
                "12": [
                    13,
                    11
                ],
                "13": [
                    14,
                    12
                ],
                "14": [
                    15,
                    13,
                    84
                ],
                "15": [
                    16,
                    14
                ],
                "16": [
                    15,
                    17
                ],
                "17": [
                    16,
                    18
                ],
                "18": [
                    19,
                    17,
                    88
                ],
                "19": [
                    20,
                    18
                ],
                "20": [
                    19,
                    21
                ],
                "21": [
                    20,
                    22
                ],
                "22": [
                    21,
                    23
                ],
                "23": [
                    22,
                    24,
                    93
                ],
                "24": [
                    23,
                    25
                ],
                "25": [
                    24,
                    26
                ],
                "26": [
                    25,
                    27
                ],
                "27": [
                    26,
                    28
                ],
                "28": [
                    27,
                    29,
                    98
                ],
                "29": [
                    28,
                    30
                ],
                "30": [
                    29,
                    31
                ],
                "31": [
                    30,
                    32
                ],
                "32": [
                    31,
                    33
                ],
                "33": [
                    32,
                    34
                ],
                "34": [
                    33,
                    35
                ],
                "35": [
                    36,
                    34
                ],
                "36": [
                    35,
                    37
                ],
                "37": [
                    36,
                    38
                ],
                "38": [
                    37,
                    39
                ],
                "39": [
                    38,
                    40,
                    109
                ],
                "40": [
                    39,
                    41
                ],
                "41": [
                    40,
                    42
                ],
                "42": [
                    41,
                    43
                ],
                "43": [
                    42,
                    44
                ],
                "44": [
                    43,
                    45
                ],
                "45": [
                    44,
                    46
                ],
                "46": [
                    45,
                    47
                ],
                "47": [
                    46,
                    48
                ],
                "48": [
                    47,
                    49
                ],
                "49": [
                    48,
                    50
                ],
                "50": [
                    49,
                    51
                ],
                "51": [
                    50,
                    52
                ],
                "52": [
                    51,
                    53
                ],
                "53": [
                    52,
                    54
                ],
                "54": [
                    53,
                    55
                ],
                "55": [
                    54,
                    56
                ],
                "56": [
                    55,
                    57
                ],
                "57": [
                    56,
                    58
                ],
                "58": [
                    57,
                    59
                ],
                "59": [
                    58,
                    60
                ],
                "60": [
                    59,
                    61
                ],
                "61": [
                    60,
                    62
                ],
                "62": [
                    61,
                    63
                ],
                "63": [
                    62,
                    64
                ],
                "64": [
                    63,
                    65
                ],
                "65": [
                    64,
                    66
                ],
                "66": [
                    65,
                    67
                ],
                "67": [
                    66,
                    68
                ],
                "68": [
                    67,
                    69
                ],
                "69": [
                    68,
                    139
                ]
            }
        },
        "package": {
            "indices": [
                563,
                564,
                565,
                493,
                494,
                495
            ],
            "types": [
                2,
                2,
                2,
                2,
                2,
                2
            ],
            "neighbors": {
                "563": [
                    564,
                    493
                ],
                "564": [
                    565,
                    494,
                    563
                ],
                "565": [
                    495,
                    564
                ],
                "493": [
                    494,
                    563
                ],
                "494": [
                    493,
                    495,
                    564
                ],
                "495": [
                    494,
                    565
                ]
            }
        }
    }
}