{
    "grid_width": 60,
    "grid_height": 9,
    "objects": {
        "ground": {
            "indices": [
                480,
                481,
                482,
                483,
                484,
                485,
                486,
                487,
                488,
                489,
                490,
                491,
                492,
                493,
                494,
                495,
                496,
                497,
                498,
                499,
                439,
                379,
                409,
                410,
                411,
                412,
                413,
                414,
                415,
                416,
                417,
                418,
                419,
                319,
                349,
                259,
                289,
                199,
                229,
                139,
                169,
                79,
                109,
                19,
                20,
                21,
                22,
                23,
                24,
                25,
                26,
                27,
                28,
                29,
                30,
                31,
                32,
                33,
                34,
                35,
                36,
                37,
                38,
                39,
                40,
                41,
                42,
                43,
                44,
                45,
                46,
                47,
                48,
                49
            ],
            "types": [
                5,
                5,
                5,
                5,
                5,
                5,
                5,
                5,
                5,
                5,
                5,
                5,
                5,
                5,
                5,
                5,
                5,
                5,
                5,
                5,
                5,
                5,
                5,
                5,
                5,
                5,
                5,
                5,
                5,
                5,
                5,
                5,
                5,
                5,
                5,
                5,
                5,
                5,
                5,
                5,
                5,
                5,
                5,
                5,
                5,
                5,
                5,
                5,
                5,
                5,
                5,
                5,
                5,
                5,
                5,
                5,
                5,
                5,
                5,
                5,
                5,
                5,
                5,
                5,
                5,
                5,
                5,
                5,
                5,
                5,
                5,
                5,
                5,
                5
            ],
            "neighbors": {
                "480": [
                    481
                ],
                "481": [
                    480,
                    482
                ],
                "482": [
                    481,
                    483
                ],
                "483": [
                    482,
                    484
                ],
                "484": [
                    483,
                    485
                ],
                "485": [
                    484,
                    486
                ],
                "486": [
                    485,
                    487
                ],
                "487": [
                    486,
                    488
                ],
                "488": [
                    487,
                    489
                ],
                "489": [
                    488,
                    490
                ],
                "490": [
                    489,
                    491
                ],
                "491": [
                    490,
                    492
                ],
                "492": [
                    491,
                    493
                ],
                "493": [
                    492,
                    494
                ],
                "494": [
                    493,
                    495
                ],
                "495": [
                    494,
                    496
                ],
                "496": [
                    495,
                    497
                ],
                "497": [
                    496,
                    498
                ],
                "498": [
                    497,
                    499
                ],
                "499": [
                    498,
                    439
                ],
                "439": [
                    499,
                    379
                ],
                "379": [
                    439,
                    319
                ],
                "409": [
                    349,
                    410
                ],
                "410": [
                    409,
                    411
                ],
                "411": [
                    410,
                    412
                ],
                "412": [
                    411,
                    413
                ],
                "413": [
                    412,
                    414
                ],
                "414": [
                    413,
                    415
                ],
                "415": [
                    414,
                    416
                ],
                "416": [
                    415,
                    417
                ],
                "417": [
                    416,
                    418
                ],
                "418": [
                    417,
                    419
                ],
                "419": [
                    418
                ],
                "319": [
                    379,
                    259
                ],
                "349": [
                    289,
                    409
                ],
                "259": [
                    319,
                    199
                ],
                "289": [
                    229,
                    349
                ],
                "199": [
                    259,
                    139
                ],
                "229": [
                    169,
                    289
                ],
                "139": [
                    199,
                    79
                ],
                "169": [
                    109,
                    229
                ],
                "79": [
                    139,
                    19
                ],
                "109": [
                    49,
                    169
                ],
                "19": [
                    79,
                    20
                ],
                "20": [
                    19,
                    21
                ],
                "21": [
                    20,
                    22
                ],
                "22": [
                    21,
                    23
                ],
                "23": [
                    22,
                    24
                ],
                "24": [
                    23,
                    25
                ],
                "25": [
                    24,
                    26
                ],
                "26": [
                    25,
                    27
                ],
                "27": [
                    26,
                    28
                ],
                "28": [
                    27,
                    29
                ],
                "29": [
                    28,
                    30
                ],
                "30": [
                    29,
                    31
                ],
                "31": [
                    30,
                    32
                ],
                "32": [
                    31,
                    33
                ],
                "33": [
                    32,
                    34
                ],
                "34": [
                    33,
                    35
                ],
                "35": [
                    34,
                    36
                ],
                "36": [
                    35,
                    37
                ],
                "37": [
                    36,
                    38
                ],
                "38": [
                    37,
                    39
                ],
                "39": [
                    38,
                    40
                ],
                "40": [
                    39,
                    41
                ],
                "41": [
                    40,
                    42
                ],
                "42": [
                    41,
                    43
                ],
                "43": [
                    42,
                    44
                ],
                "44": [
                    43,
                    45
                ],
                "45": [
                    44,
                    46
                ],
                "46": [
                    45,
                    47
                ],
                "47": [
                    46,
                    48
                ],
                "48": [
                    47,
                    49
                ],
                "49": [
                    48,
                    109
                ]
            }
        }
    }
}