{
    "grid_width": 70,
    "grid_height": 9,
    "objects": {
        "ground": {
            "indices": [
                621,
                622,
                623,
                624,
                625,
                626,
                627,
                628,
                629,
                545,
                546,
                547,
                548,
                549,
                550,
                551,
                471,
                472,
                473,
                474,
                475,
                397,
                398,
                399,
                400,
                401,
                322,
                323,
                324,
                325,
                326,
                327,
                246,
                247,
                248,
                249,
                250,
                251,
                252,
                169,
                170,
                171,
                172,
                173,
                174,
                175,
                176,
                90,
                91,
                92,
                93,
                94,
                95,
                96,
                97,
                98,
                99,
                0,
                1,
                2,
                3,
                4,
                5,
                6,
                7,
                8,
                9,
                10,
                11,
                12,
                13,
                14,
                15,
                16,
                17,
                18,
                19,
                20
            ],
            "types": [
                5,
                5,
                5,
                5,
                5,
                5,
                5,
                5,
                5,
                5,
                5,
                5,
                5,
                5,
                5,
                5,
                5,
                5,
                5,
                5,
                5,
                5,
                5,
                5,
                5,
                5,
                5,
                5,
                5,
                5,
                5,
                5,
                5,
                5,
                5,
                5,
                5,
                5,
                5,
                5,
                5,
                5,
                5,
                5,
                5,
                5,
                5,
                5,
                5,
                5,
                5,
                5,
                5,
                5,
                5,
                5,
                5,
                5,
                5,
                5,
                5,
                5,
                5,
                5,
                5,
                5,
                5,
                5,
                5,
                5,
                5,
                5,
                5,
                5,
                5,
                5,
                5,
                5
            ],
            "neighbors": {
                "621": [
                    551,
                    622
                ],
                "622": [
                    621,
                    623
                ],
                "623": [
                    622,
                    624
                ],
                "624": [
                    623,
                    625
                ],
                "625": [
                    624,
                    626
                ],
                "626": [
                    625,
                    627
                ],
                "627": [
                    626,
                    628
                ],
                "628": [
                    627,
                    629
                ],
                "629": [
                    628
                ],
                "545": [
                    475,
                    546
                ],
                "546": [
                    545,
                    547
                ],
                "547": [
                    546,
                    548
                ],
                "548": [
                    547,
                    549
                ],
                "549": [
                    548,
                    550
                ],
                "550": [
                    549,
                    551
                ],
                "551": [
                    550,
                    621
                ],
                "471": [
                    401,
                    472
                ],
                "472": [
                    471,
                    473
                ],
                "473": [
                    472,
                    474
                ],
                "474": [
                    473,
                    475
                ],
                "475": [
                    474,
                    545
                ],
                "397": [
                    327,
                    398
                ],
                "398": [
                    397,
                    399
                ],
                "399": [
                    398,
                    400
                ],
                "400": [
                    399,
                    401
                ],
                "401": [
                    400,
                    471
                ],
                "322": [
                    252,
                    323
                ],
                "323": [
                    322,
                    324
                ],
                "324": [
                    323,
                    325
                ],
                "325": [
                    324,
                    326
                ],
                "326": [
                    325,
                    327
                ],
                "327": [
                    326,
                    397
                ],
                "246": [
                    176,
                    247
                ],
                "247": [
                    246,
                    248
                ],
                "248": [
                    247,
                    249
                ],
                "249": [
                    248,
                    250
                ],
                "250": [
                    249,
                    251
                ],
                "251": [
                    250,
                    252
                ],
                "252": [
                    251,
                    322
                ],
                "169": [
                    99,
                    170
                ],
                "170": [
                    169,
                    171
                ],
                "171": [
                    170,
                    172
                ],
                "172": [
                    171,
                    173
                ],
                "173": [
                    172,
                    174
                ],
                "174": [
                    173,
                    175
                ],
                "175": [
                    174,
                    176
                ],
                "176": [
                    175,
                    246
                ],
                "90": [
                    20,
                    91
                ],
                "91": [
                    90,
                    92
                ],
                "92": [
                    91,
                    93
                ],
                "93": [
                    92,
                    94
                ],
                "94": [
                    93,
                    95
                ],
                "95": [
                    94,
                    96
                ],
                "96": [
                    95,
                    97
                ],
                "97": [
                    96,
                    98
                ],
                "98": [
                    97,
                    99
                ],
                "99": [
                    98,
                    169
                ],
                "0": [
                    1
                ],
                "1": [
                    0,
                    2
                ],
                "2": [
                    1,
                    3
                ],
                "3": [
                    2,
                    4
                ],
                "4": [
                    3,
                    5
                ],
                "5": [
                    4,
                    6
                ],
                "6": [
                    5,
                    7
                ],
                "7": [
                    6,
                    8
                ],
                "8": [
                    7,
                    9
                ],
                "9": [
                    8,
                    10
                ],
                "10": [
                    9,
                    11
                ],
                "11": [
                    10,
                    12
                ],
                "12": [
                    11,
                    13
                ],
                "13": [
                    12,
                    14
                ],
                "14": [
                    13,
                    15
                ],
                "15": [
                    14,
                    16
                ],
                "16": [
                    15,
                    17
                ],
                "17": [
                    16,
                    18
                ],
                "18": [
                    17,
                    19
                ],
                "19": [
                    18,
                    20
                ],
                "20": [
                    19,
                    90
                ]
            }
        }
    }
}